ERROR - 2025-10-06 03:20:20 --> mysqli_sql_exception: MySQL server has gone away in C:\Users\USER\Documents\Elecomp Indonesia\GESID\gesid_portal (2)\gesid.id\system\Database\MySQLi\Connection.php:327
Stack trace:
#0 C:\Users\USER\Documents\Elecomp Indonesia\GESID\gesid_portal (2)\gesid.id\system\Database\MySQLi\Connection.php(327): mysqli->query('SELECT *\nFROM `...', 0)
#1 C:\Users\USER\Documents\Elecomp Indonesia\GESID\gesid_portal (2)\gesid.id\system\Database\BaseConnection.php(738): CodeIgniter\Database\MySQLi\Connection->execute('SELECT *\nFROM `...')
#2 C:\Users\USER\Documents\Elecomp Indonesia\GESID\gesid_portal (2)\gesid.id\system\Database\BaseConnection.php(652): CodeIgniter\Database\BaseConnection->simpleQuery('SELECT *\nFROM `...')
#3 C:\Users\USER\Documents\Elecomp Indonesia\GESID\gesid_portal (2)\gesid.id\system\Database\BaseBuilder.php(1649): CodeIgniter\Database\BaseConnection->query('SELECT *\nFROM `...', Array, false)
#4 C:\Users\USER\Documents\Elecomp Indonesia\GESID\gesid_portal (2)\gesid.id\system\Model.php(286): CodeIgniter\Database\BaseBuilder->get()
#5 C:\Users\USER\Documents\Elecomp Indonesia\GESID\gesid_portal (2)\gesid.id\system\BaseModel.php(679): CodeIgniter\Model->doFindAll(0, 0)
#6 C:\Users\USER\Documents\Elecomp Indonesia\GESID\gesid_portal (2)\gesid.id\app\Controllers\Home.php(25): CodeIgniter\BaseModel->findAll()
#7 C:\Users\USER\Documents\Elecomp Indonesia\GESID\gesid_portal (2)\gesid.id\system\CodeIgniter.php(933): App\Controllers\Home->index()
#8 C:\Users\USER\Documents\Elecomp Indonesia\GESID\gesid_portal (2)\gesid.id\system\CodeIgniter.php(507): CodeIgniter\CodeIgniter->runController(Object(App\Controllers\Home))
#9 C:\Users\USER\Documents\Elecomp Indonesia\GESID\gesid_portal (2)\gesid.id\system\CodeIgniter.php(354): CodeIgniter\CodeIgniter->handleRequest(NULL, Object(Config\Cache), false)
#10 C:\Users\USER\Documents\Elecomp Indonesia\GESID\gesid_portal (2)\gesid.id\system\Boot.php(334): CodeIgniter\CodeIgniter->run()
#11 C:\Users\USER\Documents\Elecomp Indonesia\GESID\gesid_portal (2)\gesid.id\system\Boot.php(67): CodeIgniter\Boot::runCodeIgniter(Object(CodeIgniter\CodeIgniter))
#12 C:\Users\USER\Documents\Elecomp Indonesia\GESID\gesid_portal (2)\gesid.id\public\index.php(59): CodeIgniter\Boot::bootWeb(Object(Config\Paths))
#13 C:\Users\USER\Documents\Elecomp Indonesia\GESID\gesid_portal (2)\gesid.id\system\rewrite.php(44): require_once('C:\\Users\\USER\\D...')
#14 {main}
CRITICAL - 2025-10-06 03:20:20 --> CodeIgniter\Database\Exceptions\DatabaseException: MySQL server has gone away
[Method: GET, Route: /]
in SYSTEMPATH\Database\BaseConnection.php on line 692.
 1 SYSTEMPATH\Database\BaseBuilder.php(1649): CodeIgniter\Database\BaseConnection->query('SELECT *
FROM `tb_artikel`
ORDER BY `tanggal_publikasi` DESC
 LIMIT 4', [], false)
 2 SYSTEMPATH\Model.php(286): CodeIgniter\Database\BaseBuilder->get()
 3 SYSTEMPATH\BaseModel.php(679): CodeIgniter\Model->doFindAll(0, 0)
 4 APPPATH\Controllers\Home.php(25): CodeIgniter\BaseModel->findAll()
 5 SYSTEMPATH\CodeIgniter.php(933): App\Controllers\Home->index()
 6 SYSTEMPATH\CodeIgniter.php(507): CodeIgniter\CodeIgniter->runController(Object(App\Controllers\Home))
 7 SYSTEMPATH\CodeIgniter.php(354): CodeIgniter\CodeIgniter->handleRequest(null, Object(Config\Cache), false)
 8 SYSTEMPATH\Boot.php(334): CodeIgniter\CodeIgniter->run()
 9 SYSTEMPATH\Boot.php(67): CodeIgniter\Boot::runCodeIgniter(Object(CodeIgniter\CodeIgniter))
10 FCPATH\index.php(59): CodeIgniter\Boot::bootWeb(Object(Config\Paths))
11 SYSTEMPATH\rewrite.php(44): require_once('C:\\Users\\USER\\Documents\\Elecomp Indonesia\\GESID\\gesid_portal (2)\\gesid.id\\public\\index.php')
CRITICAL - 2025-10-06 03:20:20 --> [Caused by] CodeIgniter\Database\Exceptions\DatabaseException: MySQL server has gone away
in SYSTEMPATH\Database\MySQLi\Connection.php on line 332.
 1 SYSTEMPATH\Database\BaseConnection.php(738): CodeIgniter\Database\MySQLi\Connection->execute('SELECT *
FROM `tb_artikel`
ORDER BY `tanggal_publikasi` DESC
 LIMIT 4')
 2 SYSTEMPATH\Database\BaseConnection.php(652): CodeIgniter\Database\BaseConnection->simpleQuery('SELECT *
FROM `tb_artikel`
ORDER BY `tanggal_publikasi` DESC
 LIMIT 4')
 3 SYSTEMPATH\Database\BaseBuilder.php(1649): CodeIgniter\Database\BaseConnection->query('SELECT *
FROM `tb_artikel`
ORDER BY `tanggal_publikasi` DESC
 LIMIT 4', [], false)
 4 SYSTEMPATH\Model.php(286): CodeIgniter\Database\BaseBuilder->get()
 5 SYSTEMPATH\BaseModel.php(679): CodeIgniter\Model->doFindAll(0, 0)
 6 APPPATH\Controllers\Home.php(25): CodeIgniter\BaseModel->findAll()
 7 SYSTEMPATH\CodeIgniter.php(933): App\Controllers\Home->index()
 8 SYSTEMPATH\CodeIgniter.php(507): CodeIgniter\CodeIgniter->runController(Object(App\Controllers\Home))
 9 SYSTEMPATH\CodeIgniter.php(354): CodeIgniter\CodeIgniter->handleRequest(null, Object(Config\Cache), false)
10 SYSTEMPATH\Boot.php(334): CodeIgniter\CodeIgniter->run()
11 SYSTEMPATH\Boot.php(67): CodeIgniter\Boot::runCodeIgniter(Object(CodeIgniter\CodeIgniter))
12 FCPATH\index.php(59): CodeIgniter\Boot::bootWeb(Object(Config\Paths))
13 SYSTEMPATH\rewrite.php(44): require_once('C:\\Users\\USER\\Documents\\Elecomp Indonesia\\GESID\\gesid_portal (2)\\gesid.id\\public\\index.php')
CRITICAL - 2025-10-06 03:20:21 --> [Caused by] mysqli_sql_exception: MySQL server has gone away
in SYSTEMPATH\Database\MySQLi\Connection.php on line 327.
 1 SYSTEMPATH\Database\MySQLi\Connection.php(327): mysqli->query('SELECT *
FROM `tb_artikel`
ORDER BY `tanggal_publikasi` DESC
 LIMIT 4', 0)
 2 SYSTEMPATH\Database\BaseConnection.php(738): CodeIgniter\Database\MySQLi\Connection->execute('SELECT *
FROM `tb_artikel`
ORDER BY `tanggal_publikasi` DESC
 LIMIT 4')
 3 SYSTEMPATH\Database\BaseConnection.php(652): CodeIgniter\Database\BaseConnection->simpleQuery('SELECT *
FROM `tb_artikel`
ORDER BY `tanggal_publikasi` DESC
 LIMIT 4')
 4 SYSTEMPATH\Database\BaseBuilder.php(1649): CodeIgniter\Database\BaseConnection->query('SELECT *
FROM `tb_artikel`
ORDER BY `tanggal_publikasi` DESC
 LIMIT 4', [], false)
 5 SYSTEMPATH\Model.php(286): CodeIgniter\Database\BaseBuilder->get()
 6 SYSTEMPATH\BaseModel.php(679): CodeIgniter\Model->doFindAll(0, 0)
 7 APPPATH\Controllers\Home.php(25): CodeIgniter\BaseModel->findAll()
 8 SYSTEMPATH\CodeIgniter.php(933): App\Controllers\Home->index()
 9 SYSTEMPATH\CodeIgniter.php(507): CodeIgniter\CodeIgniter->runController(Object(App\Controllers\Home))
10 SYSTEMPATH\CodeIgniter.php(354): CodeIgniter\CodeIgniter->handleRequest(null, Object(Config\Cache), false)
11 SYSTEMPATH\Boot.php(334): CodeIgniter\CodeIgniter->run()
12 SYSTEMPATH\Boot.php(67): CodeIgniter\Boot::runCodeIgniter(Object(CodeIgniter\CodeIgniter))
13 FCPATH\index.php(59): CodeIgniter\Boot::bootWeb(Object(Config\Paths))
14 SYSTEMPATH\rewrite.php(44): require_once('C:\\Users\\USER\\Documents\\Elecomp Indonesia\\GESID\\gesid_portal (2)\\gesid.id\\public\\index.php')
DEBUG - 2025-10-06 03:21:34 --> Session: Class initialized using 'CodeIgniter\Session\Handlers\FileHandler' driver.
DEBUG - 2025-10-06 03:21:39 --> Session: Class initialized using 'CodeIgniter\Session\Handlers\FileHandler' driver.
DEBUG - 2025-10-06 03:21:40 --> Session: Class initialized using 'CodeIgniter\Session\Handlers\FileHandler' driver.
DEBUG - 2025-10-06 03:22:59 --> Session: Class initialized using 'CodeIgniter\Session\Handlers\FileHandler' driver.
DEBUG - 2025-10-06 03:23:00 --> Session: Class initialized using 'CodeIgniter\Session\Handlers\FileHandler' driver.
DEBUG - 2025-10-06 03:23:01 --> Session: Class initialized using 'CodeIgniter\Session\Handlers\FileHandler' driver.
DEBUG - 2025-10-06 03:23:03 --> Session: Class initialized using 'CodeIgniter\Session\Handlers\FileHandler' driver.
DEBUG - 2025-10-06 03:23:09 --> Session: Class initialized using 'CodeIgniter\Session\Handlers\FileHandler' driver.
DEBUG - 2025-10-06 03:23:13 --> Session: Class initialized using 'CodeIgniter\Session\Handlers\FileHandler' driver.
DEBUG - 2025-10-06 03:23:17 --> Session: Class initialized using 'CodeIgniter\Session\Handlers\FileHandler' driver.
DEBUG - 2025-10-06 03:23:22 --> Session: Class initialized using 'CodeIgniter\Session\Handlers\FileHandler' driver.
DEBUG - 2025-10-06 03:23:25 --> Session: Class initialized using 'CodeIgniter\Session\Handlers\FileHandler' driver.
DEBUG - 2025-10-06 03:29:57 --> Session: Class initialized using 'CodeIgniter\Session\Handlers\FileHandler' driver.
DEBUG - 2025-10-06 03:51:40 --> Session: Class initialized using 'CodeIgniter\Session\Handlers\FileHandler' driver.
DEBUG - 2025-10-06 03:51:42 --> Session: Class initialized using 'CodeIgniter\Session\Handlers\FileHandler' driver.
DEBUG - 2025-10-06 03:52:01 --> Session: Class initialized using 'CodeIgniter\Session\Handlers\FileHandler' driver.
DEBUG - 2025-10-06 03:56:59 --> Session: Class initialized using 'CodeIgniter\Session\Handlers\FileHandler' driver.
DEBUG - 2025-10-06 04:00:05 --> Session: Class initialized using 'CodeIgniter\Session\Handlers\FileHandler' driver.
DEBUG - 2025-10-06 04:00:06 --> Session: Class initialized using 'CodeIgniter\Session\Handlers\FileHandler' driver.
DEBUG - 2025-10-06 04:00:07 --> Session: Class initialized using 'CodeIgniter\Session\Handlers\FileHandler' driver.
DEBUG - 2025-10-06 04:00:07 --> Session: Class initialized using 'CodeIgniter\Session\Handlers\FileHandler' driver.
DEBUG - 2025-10-06 04:00:08 --> Session: Class initialized using 'CodeIgniter\Session\Handlers\FileHandler' driver.
DEBUG - 2025-10-06 04:00:09 --> Session: Class initialized using 'CodeIgniter\Session\Handlers\FileHandler' driver.
DEBUG - 2025-10-06 04:00:09 --> Session: Class initialized using 'CodeIgniter\Session\Handlers\FileHandler' driver.
DEBUG - 2025-10-06 04:02:41 --> Session: Class initialized using 'CodeIgniter\Session\Handlers\FileHandler' driver.
DEBUG - 2025-10-06 04:02:45 --> Session: Class initialized using 'CodeIgniter\Session\Handlers\FileHandler' driver.
DEBUG - 2025-10-06 04:02:46 --> Session: Class initialized using 'CodeIgniter\Session\Handlers\FileHandler' driver.
DEBUG - 2025-10-06 04:07:07 --> Session: Class initialized using 'CodeIgniter\Session\Handlers\FileHandler' driver.
DEBUG - 2025-10-06 04:07:28 --> Session: Class initialized using 'CodeIgniter\Session\Handlers\FileHandler' driver.
DEBUG - 2025-10-06 04:07:36 --> Session: Class initialized using 'CodeIgniter\Session\Handlers\FileHandler' driver.
DEBUG - 2025-10-06 04:07:38 --> Session: Class initialized using 'CodeIgniter\Session\Handlers\FileHandler' driver.
DEBUG - 2025-10-06 04:07:40 --> Session: Class initialized using 'CodeIgniter\Session\Handlers\FileHandler' driver.
DEBUG - 2025-10-06 04:07:43 --> Session: Class initialized using 'CodeIgniter\Session\Handlers\FileHandler' driver.
DEBUG - 2025-10-06 04:07:45 --> Session: Class initialized using 'CodeIgniter\Session\Handlers\FileHandler' driver.
DEBUG - 2025-10-06 04:09:29 --> Session: Class initialized using 'CodeIgniter\Session\Handlers\FileHandler' driver.
DEBUG - 2025-10-06 04:09:37 --> Session: Class initialized using 'CodeIgniter\Session\Handlers\FileHandler' driver.
DEBUG - 2025-10-06 04:09:59 --> Session: Class initialized using 'CodeIgniter\Session\Handlers\FileHandler' driver.
DEBUG - 2025-10-06 04:10:17 --> Session: Class initialized using 'CodeIgniter\Session\Handlers\FileHandler' driver.
DEBUG - 2025-10-06 04:11:15 --> Session: Class initialized using 'CodeIgniter\Session\Handlers\FileHandler' driver.
DEBUG - 2025-10-06 04:11:25 --> Session: Class initialized using 'CodeIgniter\Session\Handlers\FileHandler' driver.
DEBUG - 2025-10-06 04:17:38 --> Session: Class initialized using 'CodeIgniter\Session\Handlers\FileHandler' driver.
DEBUG - 2025-10-06 04:19:41 --> Session: Class initialized using 'CodeIgniter\Session\Handlers\FileHandler' driver.
DEBUG - 2025-10-06 04:21:51 --> Session: Class initialized using 'CodeIgniter\Session\Handlers\FileHandler' driver.
DEBUG - 2025-10-06 04:24:35 --> Session: Class initialized using 'CodeIgniter\Session\Handlers\FileHandler' driver.
DEBUG - 2025-10-06 04:25:20 --> Session: Class initialized using 'CodeIgniter\Session\Handlers\FileHandler' driver.
DEBUG - 2025-10-06 04:25:23 --> Session: Class initialized using 'CodeIgniter\Session\Handlers\FileHandler' driver.
DEBUG - 2025-10-06 04:25:26 --> Session: Class initialized using 'CodeIgniter\Session\Handlers\FileHandler' driver.
DEBUG - 2025-10-06 04:29:12 --> Session: Class initialized using 'CodeIgniter\Session\Handlers\FileHandler' driver.
DEBUG - 2025-10-06 04:29:42 --> Session: Class initialized using 'CodeIgniter\Session\Handlers\FileHandler' driver.
DEBUG - 2025-10-06 04:35:26 --> Session: Class initialized using 'CodeIgniter\Session\Handlers\FileHandler' driver.
DEBUG - 2025-10-06 04:35:29 --> Session: Class initialized using 'CodeIgniter\Session\Handlers\FileHandler' driver.
DEBUG - 2025-10-06 04:35:32 --> Session: Class initialized using 'CodeIgniter\Session\Handlers\FileHandler' driver.
DEBUG - 2025-10-06 04:36:50 --> Session: Class initialized using 'CodeIgniter\Session\Handlers\FileHandler' driver.
DEBUG - 2025-10-06 04:37:16 --> Session: Class initialized using 'CodeIgniter\Session\Handlers\FileHandler' driver.
DEBUG - 2025-10-06 04:37:21 --> Session: Class initialized using 'CodeIgniter\Session\Handlers\FileHandler' driver.
DEBUG - 2025-10-06 04:38:24 --> Session: Class initialized using 'CodeIgniter\Session\Handlers\FileHandler' driver.
DEBUG - 2025-10-06 04:41:44 --> Session: Class initialized using 'CodeIgniter\Session\Handlers\FileHandler' driver.
DEBUG - 2025-10-06 04:41:46 --> Session: Class initialized using 'CodeIgniter\Session\Handlers\FileHandler' driver.
DEBUG - 2025-10-06 04:41:50 --> Session: Class initialized using 'CodeIgniter\Session\Handlers\FileHandler' driver.
DEBUG - 2025-10-06 04:41:52 --> Session: Class initialized using 'CodeIgniter\Session\Handlers\FileHandler' driver.
DEBUG - 2025-10-06 04:41:58 --> Session: Class initialized using 'CodeIgniter\Session\Handlers\FileHandler' driver.
DEBUG - 2025-10-06 04:45:25 --> Session: Class initialized using 'CodeIgniter\Session\Handlers\FileHandler' driver.
DEBUG - 2025-10-06 04:51:18 --> Session: Class initialized using 'CodeIgniter\Session\Handlers\FileHandler' driver.
DEBUG - 2025-10-06 04:51:19 --> Session: Class initialized using 'CodeIgniter\Session\Handlers\FileHandler' driver.
CRITICAL - 2025-10-06 04:51:19 --> Error: Call to undefined function App\Controllers\imagecreatefrompng()
[Method: GET, Route: member/downloadCard]
in APPPATH\Controllers\MemberController.php on line 265.
 1 SYSTEMPATH\CodeIgniter.php(933): App\Controllers\MemberController->downloadCard()
 2 SYSTEMPATH\CodeIgniter.php(507): CodeIgniter\CodeIgniter->runController(Object(App\Controllers\MemberController))
 3 SYSTEMPATH\CodeIgniter.php(354): CodeIgniter\CodeIgniter->handleRequest(null, Object(Config\Cache), false)
 4 SYSTEMPATH\Boot.php(334): CodeIgniter\CodeIgniter->run()
 5 SYSTEMPATH\Boot.php(67): CodeIgniter\Boot::runCodeIgniter(Object(CodeIgniter\CodeIgniter))
 6 FCPATH\index.php(59): CodeIgniter\Boot::bootWeb(Object(Config\Paths))
 7 SYSTEMPATH\rewrite.php(44): require_once('C:\\Users\\USER\\Documents\\Elecomp Indonesia\\GESID\\gesid_portal (2)\\gesid.id\\public\\index.php')
DEBUG - 2025-10-06 04:52:05 --> Session: Class initialized using 'CodeIgniter\Session\Handlers\FileHandler' driver.
DEBUG - 2025-10-06 04:52:06 --> Session: Class initialized using 'CodeIgniter\Session\Handlers\FileHandler' driver.
DEBUG - 2025-10-06 04:52:06 --> Session: Class initialized using 'CodeIgniter\Session\Handlers\FileHandler' driver.
CRITICAL - 2025-10-06 04:52:06 --> Error: Call to undefined function App\Controllers\imagecreatefrompng()
[Method: GET, Route: member/downloadCard]
in APPPATH\Controllers\MemberController.php on line 265.
 1 SYSTEMPATH\CodeIgniter.php(933): App\Controllers\MemberController->downloadCard()
 2 SYSTEMPATH\CodeIgniter.php(507): CodeIgniter\CodeIgniter->runController(Object(App\Controllers\MemberController))
 3 SYSTEMPATH\CodeIgniter.php(354): CodeIgniter\CodeIgniter->handleRequest(null, Object(Config\Cache), false)
 4 SYSTEMPATH\Boot.php(334): CodeIgniter\CodeIgniter->run()
 5 SYSTEMPATH\Boot.php(67): CodeIgniter\Boot::runCodeIgniter(Object(CodeIgniter\CodeIgniter))
 6 FCPATH\index.php(59): CodeIgniter\Boot::bootWeb(Object(Config\Paths))
 7 SYSTEMPATH\rewrite.php(44): require_once('C:\\Users\\USER\\Documents\\Elecomp Indonesia\\GESID\\gesid_portal (2)\\gesid.id\\public\\index.php')
DEBUG - 2025-10-06 04:52:51 --> Session: Class initialized using 'CodeIgniter\Session\Handlers\FileHandler' driver.
DEBUG - 2025-10-06 04:53:16 --> Session: Class initialized using 'CodeIgniter\Session\Handlers\FileHandler' driver.
DEBUG - 2025-10-06 04:53:21 --> Session: Class initialized using 'CodeIgniter\Session\Handlers\FileHandler' driver.
DEBUG - 2025-10-06 04:53:21 --> Session: Class initialized using 'CodeIgniter\Session\Handlers\FileHandler' driver.
DEBUG - 2025-10-06 04:53:23 --> Session: Class initialized using 'CodeIgniter\Session\Handlers\FileHandler' driver.
CRITICAL - 2025-10-06 04:53:23 --> ErrorException: Undefined array key "nama_provinsi"
[Method: GET, Route: member/downloadCard]
in APPPATH\Controllers\MemberController.php on line 280.
 1 APPPATH\Controllers\MemberController.php(280): CodeIgniter\Debug\Exceptions->errorHandler(2, 'Undefined array key "nama_provinsi"', 'C:\\Users\\USER\\Documents\\Elecomp Indonesia\\GESID\\gesid_portal (2)\\gesid.id\\app\\Controllers\\MemberController.php', 280)
 2 SYSTEMPATH\CodeIgniter.php(933): App\Controllers\MemberController->downloadCard()
 3 SYSTEMPATH\CodeIgniter.php(507): CodeIgniter\CodeIgniter->runController(Object(App\Controllers\MemberController))
 4 SYSTEMPATH\CodeIgniter.php(354): CodeIgniter\CodeIgniter->handleRequest(null, Object(Config\Cache), false)
 5 SYSTEMPATH\Boot.php(334): CodeIgniter\CodeIgniter->run()
 6 SYSTEMPATH\Boot.php(67): CodeIgniter\Boot::runCodeIgniter(Object(CodeIgniter\CodeIgniter))
 7 FCPATH\index.php(59): CodeIgniter\Boot::bootWeb(Object(Config\Paths))
 8 SYSTEMPATH\rewrite.php(44): require_once('C:\\Users\\USER\\Documents\\Elecomp Indonesia\\GESID\\gesid_portal (2)\\gesid.id\\public\\index.php')
DEBUG - 2025-10-06 04:53:27 --> Session: Class initialized using 'CodeIgniter\Session\Handlers\FileHandler' driver.
CRITICAL - 2025-10-06 04:53:27 --> ErrorException: Undefined array key "nama_provinsi"
[Method: GET, Route: member/downloadCard]
in APPPATH\Controllers\MemberController.php on line 280.
 1 APPPATH\Controllers\MemberController.php(280): CodeIgniter\Debug\Exceptions->errorHandler(2, 'Undefined array key "nama_provinsi"', 'C:\\Users\\USER\\Documents\\Elecomp Indonesia\\GESID\\gesid_portal (2)\\gesid.id\\app\\Controllers\\MemberController.php', 280)
 2 SYSTEMPATH\CodeIgniter.php(933): App\Controllers\MemberController->downloadCard()
 3 SYSTEMPATH\CodeIgniter.php(507): CodeIgniter\CodeIgniter->runController(Object(App\Controllers\MemberController))
 4 SYSTEMPATH\CodeIgniter.php(354): CodeIgniter\CodeIgniter->handleRequest(null, Object(Config\Cache), false)
 5 SYSTEMPATH\Boot.php(334): CodeIgniter\CodeIgniter->run()
 6 SYSTEMPATH\Boot.php(67): CodeIgniter\Boot::runCodeIgniter(Object(CodeIgniter\CodeIgniter))
 7 FCPATH\index.php(59): CodeIgniter\Boot::bootWeb(Object(Config\Paths))
 8 SYSTEMPATH\rewrite.php(44): require_once('C:\\Users\\USER\\Documents\\Elecomp Indonesia\\GESID\\gesid_portal (2)\\gesid.id\\public\\index.php')
DEBUG - 2025-10-06 04:53:37 --> Session: Class initialized using 'CodeIgniter\Session\Handlers\FileHandler' driver.
CRITICAL - 2025-10-06 04:53:37 --> ErrorException: Undefined array key "nama_provinsi"
[Method: GET, Route: member/downloadCard]
in APPPATH\Controllers\MemberController.php on line 280.
 1 APPPATH\Controllers\MemberController.php(280): CodeIgniter\Debug\Exceptions->errorHandler(2, 'Undefined array key "nama_provinsi"', 'C:\\Users\\USER\\Documents\\Elecomp Indonesia\\GESID\\gesid_portal (2)\\gesid.id\\app\\Controllers\\MemberController.php', 280)
 2 SYSTEMPATH\CodeIgniter.php(933): App\Controllers\MemberController->downloadCard()
 3 SYSTEMPATH\CodeIgniter.php(507): CodeIgniter\CodeIgniter->runController(Object(App\Controllers\MemberController))
 4 SYSTEMPATH\CodeIgniter.php(354): CodeIgniter\CodeIgniter->handleRequest(null, Object(Config\Cache), false)
 5 SYSTEMPATH\Boot.php(334): CodeIgniter\CodeIgniter->run()
 6 SYSTEMPATH\Boot.php(67): CodeIgniter\Boot::runCodeIgniter(Object(CodeIgniter\CodeIgniter))
 7 FCPATH\index.php(59): CodeIgniter\Boot::bootWeb(Object(Config\Paths))
 8 SYSTEMPATH\rewrite.php(44): require_once('C:\\Users\\USER\\Documents\\Elecomp Indonesia\\GESID\\gesid_portal (2)\\gesid.id\\public\\index.php')
DEBUG - 2025-10-06 04:53:49 --> Session: Class initialized using 'CodeIgniter\Session\Handlers\FileHandler' driver.
DEBUG - 2025-10-06 04:53:50 --> Session: Class initialized using 'CodeIgniter\Session\Handlers\FileHandler' driver.
CRITICAL - 2025-10-06 04:53:50 --> ErrorException: Undefined array key "nama_provinsi"
[Method: GET, Route: member/downloadCard]
in APPPATH\Controllers\MemberController.php on line 280.
 1 APPPATH\Controllers\MemberController.php(280): CodeIgniter\Debug\Exceptions->errorHandler(2, 'Undefined array key "nama_provinsi"', 'C:\\Users\\USER\\Documents\\Elecomp Indonesia\\GESID\\gesid_portal (2)\\gesid.id\\app\\Controllers\\MemberController.php', 280)
 2 SYSTEMPATH\CodeIgniter.php(933): App\Controllers\MemberController->downloadCard()
 3 SYSTEMPATH\CodeIgniter.php(507): CodeIgniter\CodeIgniter->runController(Object(App\Controllers\MemberController))
 4 SYSTEMPATH\CodeIgniter.php(354): CodeIgniter\CodeIgniter->handleRequest(null, Object(Config\Cache), false)
 5 SYSTEMPATH\Boot.php(334): CodeIgniter\CodeIgniter->run()
 6 SYSTEMPATH\Boot.php(67): CodeIgniter\Boot::runCodeIgniter(Object(CodeIgniter\CodeIgniter))
 7 FCPATH\index.php(59): CodeIgniter\Boot::bootWeb(Object(Config\Paths))
 8 SYSTEMPATH\rewrite.php(44): require_once('C:\\Users\\USER\\Documents\\Elecomp Indonesia\\GESID\\gesid_portal (2)\\gesid.id\\public\\index.php')
DEBUG - 2025-10-06 05:57:17 --> Session: Class initialized using 'CodeIgniter\Session\Handlers\FileHandler' driver.
CRITICAL - 2025-10-06 05:57:17 --> ErrorException: Undefined array key "nama_provinsi"
[Method: GET, Route: member/downloadCard]
in APPPATH\Controllers\MemberController.php on line 280.
 1 APPPATH\Controllers\MemberController.php(280): CodeIgniter\Debug\Exceptions->errorHandler(2, 'Undefined array key "nama_provinsi"', 'C:\\Users\\USER\\Documents\\Elecomp Indonesia\\GESID\\gesid_portal (2)\\gesid.id\\app\\Controllers\\MemberController.php', 280)
 2 SYSTEMPATH\CodeIgniter.php(933): App\Controllers\MemberController->downloadCard()
 3 SYSTEMPATH\CodeIgniter.php(507): CodeIgniter\CodeIgniter->runController(Object(App\Controllers\MemberController))
 4 SYSTEMPATH\CodeIgniter.php(354): CodeIgniter\CodeIgniter->handleRequest(null, Object(Config\Cache), false)
 5 SYSTEMPATH\Boot.php(334): CodeIgniter\CodeIgniter->run()
 6 SYSTEMPATH\Boot.php(67): CodeIgniter\Boot::runCodeIgniter(Object(CodeIgniter\CodeIgniter))
 7 FCPATH\index.php(59): CodeIgniter\Boot::bootWeb(Object(Config\Paths))
 8 SYSTEMPATH\rewrite.php(44): require_once('C:\\Users\\USER\\Documents\\Elecomp Indonesia\\GESID\\gesid_portal (2)\\gesid.id\\public\\index.php')
DEBUG - 2025-10-06 05:59:36 --> Session: Class initialized using 'CodeIgniter\Session\Handlers\FileHandler' driver.
DEBUG - 2025-10-06 05:59:38 --> Session: Class initialized using 'CodeIgniter\Session\Handlers\FileHandler' driver.
DEBUG - 2025-10-06 05:59:42 --> Session: Class initialized using 'CodeIgniter\Session\Handlers\FileHandler' driver.
DEBUG - 2025-10-06 05:59:42 --> Session: Class initialized using 'CodeIgniter\Session\Handlers\FileHandler' driver.
DEBUG - 2025-10-06 06:00:57 --> Session: Class initialized using 'CodeIgniter\Session\Handlers\FileHandler' driver.
DEBUG - 2025-10-06 06:00:58 --> Session: Class initialized using 'CodeIgniter\Session\Handlers\FileHandler' driver.
ERROR - 2025-10-06 06:00:58 --> mysqli_sql_exception: Table 'db_gesid.tb_kota' doesn't exist in C:\Users\USER\Documents\Elecomp Indonesia\GESID\gesid_portal (2)\gesid.id\system\Database\MySQLi\Connection.php:327
Stack trace:
#0 C:\Users\USER\Documents\Elecomp Indonesia\GESID\gesid_portal (2)\gesid.id\system\Database\MySQLi\Connection.php(327): mysqli->query('SELECT `members...', 0)
#1 C:\Users\USER\Documents\Elecomp Indonesia\GESID\gesid_portal (2)\gesid.id\system\Database\BaseConnection.php(738): CodeIgniter\Database\MySQLi\Connection->execute('SELECT `members...')
#2 C:\Users\USER\Documents\Elecomp Indonesia\GESID\gesid_portal (2)\gesid.id\system\Database\BaseConnection.php(652): CodeIgniter\Database\BaseConnection->simpleQuery('SELECT `members...')
#3 C:\Users\USER\Documents\Elecomp Indonesia\GESID\gesid_portal (2)\gesid.id\system\Database\BaseBuilder.php(1649): CodeIgniter\Database\BaseConnection->query('SELECT `members...', Array, false)
#4 C:\Users\USER\Documents\Elecomp Indonesia\GESID\gesid_portal (2)\gesid.id\system\Model.php(330): CodeIgniter\Database\BaseBuilder->get()
#5 C:\Users\USER\Documents\Elecomp Indonesia\GESID\gesid_portal (2)\gesid.id\system\BaseModel.php(717): CodeIgniter\Model->doFirst()
#6 C:\Users\USER\Documents\Elecomp Indonesia\GESID\gesid_portal (2)\gesid.id\app\Controllers\MemberController.php(265): CodeIgniter\BaseModel->first()
#7 C:\Users\USER\Documents\Elecomp Indonesia\GESID\gesid_portal (2)\gesid.id\system\CodeIgniter.php(933): App\Controllers\MemberController->downloadCard()
#8 C:\Users\USER\Documents\Elecomp Indonesia\GESID\gesid_portal (2)\gesid.id\system\CodeIgniter.php(507): CodeIgniter\CodeIgniter->runController(Object(App\Controllers\MemberController))
#9 C:\Users\USER\Documents\Elecomp Indonesia\GESID\gesid_portal (2)\gesid.id\system\CodeIgniter.php(354): CodeIgniter\CodeIgniter->handleRequest(NULL, Object(Config\Cache), false)
#10 C:\Users\USER\Documents\Elecomp Indonesia\GESID\gesid_portal (2)\gesid.id\system\Boot.php(334): CodeIgniter\CodeIgniter->run()
#11 C:\Users\USER\Documents\Elecomp Indonesia\GESID\gesid_portal (2)\gesid.id\system\Boot.php(67): CodeIgniter\Boot::runCodeIgniter(Object(CodeIgniter\CodeIgniter))
#12 C:\Users\USER\Documents\Elecomp Indonesia\GESID\gesid_portal (2)\gesid.id\public\index.php(59): CodeIgniter\Boot::bootWeb(Object(Config\Paths))
#13 C:\Users\USER\Documents\Elecomp Indonesia\GESID\gesid_portal (2)\gesid.id\system\rewrite.php(44): require_once('C:\\Users\\USER\\D...')
#14 {main}
CRITICAL - 2025-10-06 06:00:58 --> CodeIgniter\Database\Exceptions\DatabaseException: Table 'db_gesid.tb_kota' doesn't exist
[Method: GET, Route: member/downloadCard]
in SYSTEMPATH\Database\BaseConnection.php on line 692.
 1 SYSTEMPATH\Database\BaseBuilder.php(1649): CodeIgniter\Database\BaseConnection->query('SELECT `members`.*, `provinsi`.`nama_provinsi`, `kota`.`nama_kota`, `desa`.`nama_desa`
FROM `tb_members`
LEFT JOIN `tb_provinsi` AS `provinsi` ON `provinsi`.`id_provinsi` = `members`.`id_provinsi`
LEFT JOIN `tb_kota` AS `kota` ON `kota`.`id_kota` = `members`.`id_kota`
LEFT JOIN `tb_desa_kelurahan` AS `desa` ON `desa`.`id_desa_kelurahan` = `members`.`id_desa`
WHERE `members`.`id` = :members.id:
 LIMIT 1', [...], false)
 2 SYSTEMPATH\Model.php(330): CodeIgniter\Database\BaseBuilder->get()
 3 SYSTEMPATH\BaseModel.php(717): CodeIgniter\Model->doFirst()
 4 APPPATH\Controllers\MemberController.php(265): CodeIgniter\BaseModel->first()
 5 SYSTEMPATH\CodeIgniter.php(933): App\Controllers\MemberController->downloadCard()
 6 SYSTEMPATH\CodeIgniter.php(507): CodeIgniter\CodeIgniter->runController(Object(App\Controllers\MemberController))
 7 SYSTEMPATH\CodeIgniter.php(354): CodeIgniter\CodeIgniter->handleRequest(null, Object(Config\Cache), false)
 8 SYSTEMPATH\Boot.php(334): CodeIgniter\CodeIgniter->run()
 9 SYSTEMPATH\Boot.php(67): CodeIgniter\Boot::runCodeIgniter(Object(CodeIgniter\CodeIgniter))
10 FCPATH\index.php(59): CodeIgniter\Boot::bootWeb(Object(Config\Paths))
11 SYSTEMPATH\rewrite.php(44): require_once('C:\\Users\\USER\\Documents\\Elecomp Indonesia\\GESID\\gesid_portal (2)\\gesid.id\\public\\index.php')
CRITICAL - 2025-10-06 06:00:58 --> [Caused by] CodeIgniter\Database\Exceptions\DatabaseException: Table 'db_gesid.tb_kota' doesn't exist
in SYSTEMPATH\Database\MySQLi\Connection.php on line 332.
 1 SYSTEMPATH\Database\BaseConnection.php(738): CodeIgniter\Database\MySQLi\Connection->execute('SELECT `members`.*, `provinsi`.`nama_provinsi`, `kota`.`nama_kota`, `desa`.`nama_desa`
FROM `tb_members`
LEFT JOIN `tb_provinsi` AS `provinsi` ON `provinsi`.`id_provinsi` = `members`.`id_provinsi`
LEFT JOIN `tb_kota` AS `kota` ON `kota`.`id_kota` = `members`.`id_kota`
LEFT JOIN `tb_desa_kelurahan` AS `desa` ON `desa`.`id_desa_kelurahan` = `members`.`id_desa`
WHERE `members`.`id` = \'16\'
 LIMIT 1')
 2 SYSTEMPATH\Database\BaseConnection.php(652): CodeIgniter\Database\BaseConnection->simpleQuery('SELECT `members`.*, `provinsi`.`nama_provinsi`, `kota`.`nama_kota`, `desa`.`nama_desa`
FROM `tb_members`
LEFT JOIN `tb_provinsi` AS `provinsi` ON `provinsi`.`id_provinsi` = `members`.`id_provinsi`
LEFT JOIN `tb_kota` AS `kota` ON `kota`.`id_kota` = `members`.`id_kota`
LEFT JOIN `tb_desa_kelurahan` AS `desa` ON `desa`.`id_desa_kelurahan` = `members`.`id_desa`
WHERE `members`.`id` = \'16\'
 LIMIT 1')
 3 SYSTEMPATH\Database\BaseBuilder.php(1649): CodeIgniter\Database\BaseConnection->query('SELECT `members`.*, `provinsi`.`nama_provinsi`, `kota`.`nama_kota`, `desa`.`nama_desa`
FROM `tb_members`
LEFT JOIN `tb_provinsi` AS `provinsi` ON `provinsi`.`id_provinsi` = `members`.`id_provinsi`
LEFT JOIN `tb_kota` AS `kota` ON `kota`.`id_kota` = `members`.`id_kota`
LEFT JOIN `tb_desa_kelurahan` AS `desa` ON `desa`.`id_desa_kelurahan` = `members`.`id_desa`
WHERE `members`.`id` = :members.id:
 LIMIT 1', [...], false)
 4 SYSTEMPATH\Model.php(330): CodeIgniter\Database\BaseBuilder->get()
 5 SYSTEMPATH\BaseModel.php(717): CodeIgniter\Model->doFirst()
 6 APPPATH\Controllers\MemberController.php(265): CodeIgniter\BaseModel->first()
 7 SYSTEMPATH\CodeIgniter.php(933): App\Controllers\MemberController->downloadCard()
 8 SYSTEMPATH\CodeIgniter.php(507): CodeIgniter\CodeIgniter->runController(Object(App\Controllers\MemberController))
 9 SYSTEMPATH\CodeIgniter.php(354): CodeIgniter\CodeIgniter->handleRequest(null, Object(Config\Cache), false)
10 SYSTEMPATH\Boot.php(334): CodeIgniter\CodeIgniter->run()
11 SYSTEMPATH\Boot.php(67): CodeIgniter\Boot::runCodeIgniter(Object(CodeIgniter\CodeIgniter))
12 FCPATH\index.php(59): CodeIgniter\Boot::bootWeb(Object(Config\Paths))
13 SYSTEMPATH\rewrite.php(44): require_once('C:\\Users\\USER\\Documents\\Elecomp Indonesia\\GESID\\gesid_portal (2)\\gesid.id\\public\\index.php')
CRITICAL - 2025-10-06 06:00:58 --> [Caused by] mysqli_sql_exception: Table 'db_gesid.tb_kota' doesn't exist
in SYSTEMPATH\Database\MySQLi\Connection.php on line 327.
 1 SYSTEMPATH\Database\MySQLi\Connection.php(327): mysqli->query('SELECT `members`.*, `provinsi`.`nama_provinsi`, `kota`.`nama_kota`, `desa`.`nama_desa`
FROM `tb_members`
LEFT JOIN `tb_provinsi` AS `provinsi` ON `provinsi`.`id_provinsi` = `members`.`id_provinsi`
LEFT JOIN `tb_kota` AS `kota` ON `kota`.`id_kota` = `members`.`id_kota`
LEFT JOIN `tb_desa_kelurahan` AS `desa` ON `desa`.`id_desa_kelurahan` = `members`.`id_desa`
WHERE `members`.`id` = \'16\'
 LIMIT 1', 0)
 2 SYSTEMPATH\Database\BaseConnection.php(738): CodeIgniter\Database\MySQLi\Connection->execute('SELECT `members`.*, `provinsi`.`nama_provinsi`, `kota`.`nama_kota`, `desa`.`nama_desa`
FROM `tb_members`
LEFT JOIN `tb_provinsi` AS `provinsi` ON `provinsi`.`id_provinsi` = `members`.`id_provinsi`
LEFT JOIN `tb_kota` AS `kota` ON `kota`.`id_kota` = `members`.`id_kota`
LEFT JOIN `tb_desa_kelurahan` AS `desa` ON `desa`.`id_desa_kelurahan` = `members`.`id_desa`
WHERE `members`.`id` = \'16\'
 LIMIT 1')
 3 SYSTEMPATH\Database\BaseConnection.php(652): CodeIgniter\Database\BaseConnection->simpleQuery('SELECT `members`.*, `provinsi`.`nama_provinsi`, `kota`.`nama_kota`, `desa`.`nama_desa`
FROM `tb_members`
LEFT JOIN `tb_provinsi` AS `provinsi` ON `provinsi`.`id_provinsi` = `members`.`id_provinsi`
LEFT JOIN `tb_kota` AS `kota` ON `kota`.`id_kota` = `members`.`id_kota`
LEFT JOIN `tb_desa_kelurahan` AS `desa` ON `desa`.`id_desa_kelurahan` = `members`.`id_desa`
WHERE `members`.`id` = \'16\'
 LIMIT 1')
 4 SYSTEMPATH\Database\BaseBuilder.php(1649): CodeIgniter\Database\BaseConnection->query('SELECT `members`.*, `provinsi`.`nama_provinsi`, `kota`.`nama_kota`, `desa`.`nama_desa`
FROM `tb_members`
LEFT JOIN `tb_provinsi` AS `provinsi` ON `provinsi`.`id_provinsi` = `members`.`id_provinsi`
LEFT JOIN `tb_kota` AS `kota` ON `kota`.`id_kota` = `members`.`id_kota`
LEFT JOIN `tb_desa_kelurahan` AS `desa` ON `desa`.`id_desa_kelurahan` = `members`.`id_desa`
WHERE `members`.`id` = :members.id:
 LIMIT 1', [...], false)
 5 SYSTEMPATH\Model.php(330): CodeIgniter\Database\BaseBuilder->get()
 6 SYSTEMPATH\BaseModel.php(717): CodeIgniter\Model->doFirst()
 7 APPPATH\Controllers\MemberController.php(265): CodeIgniter\BaseModel->first()
 8 SYSTEMPATH\CodeIgniter.php(933): App\Controllers\MemberController->downloadCard()
 9 SYSTEMPATH\CodeIgniter.php(507): CodeIgniter\CodeIgniter->runController(Object(App\Controllers\MemberController))
10 SYSTEMPATH\CodeIgniter.php(354): CodeIgniter\CodeIgniter->handleRequest(null, Object(Config\Cache), false)
11 SYSTEMPATH\Boot.php(334): CodeIgniter\CodeIgniter->run()
12 SYSTEMPATH\Boot.php(67): CodeIgniter\Boot::runCodeIgniter(Object(CodeIgniter\CodeIgniter))
13 FCPATH\index.php(59): CodeIgniter\Boot::bootWeb(Object(Config\Paths))
14 SYSTEMPATH\rewrite.php(44): require_once('C:\\Users\\USER\\Documents\\Elecomp Indonesia\\GESID\\gesid_portal (2)\\gesid.id\\public\\index.php')
DEBUG - 2025-10-06 06:01:01 --> Session: Class initialized using 'CodeIgniter\Session\Handlers\FileHandler' driver.
ERROR - 2025-10-06 06:01:01 --> mysqli_sql_exception: Table 'db_gesid.tb_kota' doesn't exist in C:\Users\USER\Documents\Elecomp Indonesia\GESID\gesid_portal (2)\gesid.id\system\Database\MySQLi\Connection.php:327
Stack trace:
#0 C:\Users\USER\Documents\Elecomp Indonesia\GESID\gesid_portal (2)\gesid.id\system\Database\MySQLi\Connection.php(327): mysqli->query('SELECT `members...', 0)
#1 C:\Users\USER\Documents\Elecomp Indonesia\GESID\gesid_portal (2)\gesid.id\system\Database\BaseConnection.php(738): CodeIgniter\Database\MySQLi\Connection->execute('SELECT `members...')
#2 C:\Users\USER\Documents\Elecomp Indonesia\GESID\gesid_portal (2)\gesid.id\system\Database\BaseConnection.php(652): CodeIgniter\Database\BaseConnection->simpleQuery('SELECT `members...')
#3 C:\Users\USER\Documents\Elecomp Indonesia\GESID\gesid_portal (2)\gesid.id\system\Database\BaseBuilder.php(1649): CodeIgniter\Database\BaseConnection->query('SELECT `members...', Array, false)
#4 C:\Users\USER\Documents\Elecomp Indonesia\GESID\gesid_portal (2)\gesid.id\system\Model.php(330): CodeIgniter\Database\BaseBuilder->get()
#5 C:\Users\USER\Documents\Elecomp Indonesia\GESID\gesid_portal (2)\gesid.id\system\BaseModel.php(717): CodeIgniter\Model->doFirst()
#6 C:\Users\USER\Documents\Elecomp Indonesia\GESID\gesid_portal (2)\gesid.id\app\Controllers\MemberController.php(265): CodeIgniter\BaseModel->first()
#7 C:\Users\USER\Documents\Elecomp Indonesia\GESID\gesid_portal (2)\gesid.id\system\CodeIgniter.php(933): App\Controllers\MemberController->downloadCard()
#8 C:\Users\USER\Documents\Elecomp Indonesia\GESID\gesid_portal (2)\gesid.id\system\CodeIgniter.php(507): CodeIgniter\CodeIgniter->runController(Object(App\Controllers\MemberController))
#9 C:\Users\USER\Documents\Elecomp Indonesia\GESID\gesid_portal (2)\gesid.id\system\CodeIgniter.php(354): CodeIgniter\CodeIgniter->handleRequest(NULL, Object(Config\Cache), false)
#10 C:\Users\USER\Documents\Elecomp Indonesia\GESID\gesid_portal (2)\gesid.id\system\Boot.php(334): CodeIgniter\CodeIgniter->run()
#11 C:\Users\USER\Documents\Elecomp Indonesia\GESID\gesid_portal (2)\gesid.id\system\Boot.php(67): CodeIgniter\Boot::runCodeIgniter(Object(CodeIgniter\CodeIgniter))
#12 C:\Users\USER\Documents\Elecomp Indonesia\GESID\gesid_portal (2)\gesid.id\public\index.php(59): CodeIgniter\Boot::bootWeb(Object(Config\Paths))
#13 C:\Users\USER\Documents\Elecomp Indonesia\GESID\gesid_portal (2)\gesid.id\system\rewrite.php(44): require_once('C:\\Users\\USER\\D...')
#14 {main}
CRITICAL - 2025-10-06 06:01:01 --> CodeIgniter\Database\Exceptions\DatabaseException: Table 'db_gesid.tb_kota' doesn't exist
[Method: GET, Route: member/downloadCard]
in SYSTEMPATH\Database\BaseConnection.php on line 692.
 1 SYSTEMPATH\Database\BaseBuilder.php(1649): CodeIgniter\Database\BaseConnection->query('SELECT `members`.*, `provinsi`.`nama_provinsi`, `kota`.`nama_kota`, `desa`.`nama_desa`
FROM `tb_members`
LEFT JOIN `tb_provinsi` AS `provinsi` ON `provinsi`.`id_provinsi` = `members`.`id_provinsi`
LEFT JOIN `tb_kota` AS `kota` ON `kota`.`id_kota` = `members`.`id_kota`
LEFT JOIN `tb_desa_kelurahan` AS `desa` ON `desa`.`id_desa_kelurahan` = `members`.`id_desa`
WHERE `members`.`id` = :members.id:
 LIMIT 1', [...], false)
 2 SYSTEMPATH\Model.php(330): CodeIgniter\Database\BaseBuilder->get()
 3 SYSTEMPATH\BaseModel.php(717): CodeIgniter\Model->doFirst()
 4 APPPATH\Controllers\MemberController.php(265): CodeIgniter\BaseModel->first()
 5 SYSTEMPATH\CodeIgniter.php(933): App\Controllers\MemberController->downloadCard()
 6 SYSTEMPATH\CodeIgniter.php(507): CodeIgniter\CodeIgniter->runController(Object(App\Controllers\MemberController))
 7 SYSTEMPATH\CodeIgniter.php(354): CodeIgniter\CodeIgniter->handleRequest(null, Object(Config\Cache), false)
 8 SYSTEMPATH\Boot.php(334): CodeIgniter\CodeIgniter->run()
 9 SYSTEMPATH\Boot.php(67): CodeIgniter\Boot::runCodeIgniter(Object(CodeIgniter\CodeIgniter))
10 FCPATH\index.php(59): CodeIgniter\Boot::bootWeb(Object(Config\Paths))
11 SYSTEMPATH\rewrite.php(44): require_once('C:\\Users\\USER\\Documents\\Elecomp Indonesia\\GESID\\gesid_portal (2)\\gesid.id\\public\\index.php')
CRITICAL - 2025-10-06 06:01:01 --> [Caused by] CodeIgniter\Database\Exceptions\DatabaseException: Table 'db_gesid.tb_kota' doesn't exist
in SYSTEMPATH\Database\MySQLi\Connection.php on line 332.
 1 SYSTEMPATH\Database\BaseConnection.php(738): CodeIgniter\Database\MySQLi\Connection->execute('SELECT `members`.*, `provinsi`.`nama_provinsi`, `kota`.`nama_kota`, `desa`.`nama_desa`
FROM `tb_members`
LEFT JOIN `tb_provinsi` AS `provinsi` ON `provinsi`.`id_provinsi` = `members`.`id_provinsi`
LEFT JOIN `tb_kota` AS `kota` ON `kota`.`id_kota` = `members`.`id_kota`
LEFT JOIN `tb_desa_kelurahan` AS `desa` ON `desa`.`id_desa_kelurahan` = `members`.`id_desa`
WHERE `members`.`id` = \'16\'
 LIMIT 1')
 2 SYSTEMPATH\Database\BaseConnection.php(652): CodeIgniter\Database\BaseConnection->simpleQuery('SELECT `members`.*, `provinsi`.`nama_provinsi`, `kota`.`nama_kota`, `desa`.`nama_desa`
FROM `tb_members`
LEFT JOIN `tb_provinsi` AS `provinsi` ON `provinsi`.`id_provinsi` = `members`.`id_provinsi`
LEFT JOIN `tb_kota` AS `kota` ON `kota`.`id_kota` = `members`.`id_kota`
LEFT JOIN `tb_desa_kelurahan` AS `desa` ON `desa`.`id_desa_kelurahan` = `members`.`id_desa`
WHERE `members`.`id` = \'16\'
 LIMIT 1')
 3 SYSTEMPATH\Database\BaseBuilder.php(1649): CodeIgniter\Database\BaseConnection->query('SELECT `members`.*, `provinsi`.`nama_provinsi`, `kota`.`nama_kota`, `desa`.`nama_desa`
FROM `tb_members`
LEFT JOIN `tb_provinsi` AS `provinsi` ON `provinsi`.`id_provinsi` = `members`.`id_provinsi`
LEFT JOIN `tb_kota` AS `kota` ON `kota`.`id_kota` = `members`.`id_kota`
LEFT JOIN `tb_desa_kelurahan` AS `desa` ON `desa`.`id_desa_kelurahan` = `members`.`id_desa`
WHERE `members`.`id` = :members.id:
 LIMIT 1', [...], false)
 4 SYSTEMPATH\Model.php(330): CodeIgniter\Database\BaseBuilder->get()
 5 SYSTEMPATH\BaseModel.php(717): CodeIgniter\Model->doFirst()
 6 APPPATH\Controllers\MemberController.php(265): CodeIgniter\BaseModel->first()
 7 SYSTEMPATH\CodeIgniter.php(933): App\Controllers\MemberController->downloadCard()
 8 SYSTEMPATH\CodeIgniter.php(507): CodeIgniter\CodeIgniter->runController(Object(App\Controllers\MemberController))
 9 SYSTEMPATH\CodeIgniter.php(354): CodeIgniter\CodeIgniter->handleRequest(null, Object(Config\Cache), false)
10 SYSTEMPATH\Boot.php(334): CodeIgniter\CodeIgniter->run()
11 SYSTEMPATH\Boot.php(67): CodeIgniter\Boot::runCodeIgniter(Object(CodeIgniter\CodeIgniter))
12 FCPATH\index.php(59): CodeIgniter\Boot::bootWeb(Object(Config\Paths))
13 SYSTEMPATH\rewrite.php(44): require_once('C:\\Users\\USER\\Documents\\Elecomp Indonesia\\GESID\\gesid_portal (2)\\gesid.id\\public\\index.php')
CRITICAL - 2025-10-06 06:01:01 --> [Caused by] mysqli_sql_exception: Table 'db_gesid.tb_kota' doesn't exist
in SYSTEMPATH\Database\MySQLi\Connection.php on line 327.
 1 SYSTEMPATH\Database\MySQLi\Connection.php(327): mysqli->query('SELECT `members`.*, `provinsi`.`nama_provinsi`, `kota`.`nama_kota`, `desa`.`nama_desa`
FROM `tb_members`
LEFT JOIN `tb_provinsi` AS `provinsi` ON `provinsi`.`id_provinsi` = `members`.`id_provinsi`
LEFT JOIN `tb_kota` AS `kota` ON `kota`.`id_kota` = `members`.`id_kota`
LEFT JOIN `tb_desa_kelurahan` AS `desa` ON `desa`.`id_desa_kelurahan` = `members`.`id_desa`
WHERE `members`.`id` = \'16\'
 LIMIT 1', 0)
 2 SYSTEMPATH\Database\BaseConnection.php(738): CodeIgniter\Database\MySQLi\Connection->execute('SELECT `members`.*, `provinsi`.`nama_provinsi`, `kota`.`nama_kota`, `desa`.`nama_desa`
FROM `tb_members`
LEFT JOIN `tb_provinsi` AS `provinsi` ON `provinsi`.`id_provinsi` = `members`.`id_provinsi`
LEFT JOIN `tb_kota` AS `kota` ON `kota`.`id_kota` = `members`.`id_kota`
LEFT JOIN `tb_desa_kelurahan` AS `desa` ON `desa`.`id_desa_kelurahan` = `members`.`id_desa`
WHERE `members`.`id` = \'16\'
 LIMIT 1')
 3 SYSTEMPATH\Database\BaseConnection.php(652): CodeIgniter\Database\BaseConnection->simpleQuery('SELECT `members`.*, `provinsi`.`nama_provinsi`, `kota`.`nama_kota`, `desa`.`nama_desa`
FROM `tb_members`
LEFT JOIN `tb_provinsi` AS `provinsi` ON `provinsi`.`id_provinsi` = `members`.`id_provinsi`
LEFT JOIN `tb_kota` AS `kota` ON `kota`.`id_kota` = `members`.`id_kota`
LEFT JOIN `tb_desa_kelurahan` AS `desa` ON `desa`.`id_desa_kelurahan` = `members`.`id_desa`
WHERE `members`.`id` = \'16\'
 LIMIT 1')
 4 SYSTEMPATH\Database\BaseBuilder.php(1649): CodeIgniter\Database\BaseConnection->query('SELECT `members`.*, `provinsi`.`nama_provinsi`, `kota`.`nama_kota`, `desa`.`nama_desa`
FROM `tb_members`
LEFT JOIN `tb_provinsi` AS `provinsi` ON `provinsi`.`id_provinsi` = `members`.`id_provinsi`
LEFT JOIN `tb_kota` AS `kota` ON `kota`.`id_kota` = `members`.`id_kota`
LEFT JOIN `tb_desa_kelurahan` AS `desa` ON `desa`.`id_desa_kelurahan` = `members`.`id_desa`
WHERE `members`.`id` = :members.id:
 LIMIT 1', [...], false)
 5 SYSTEMPATH\Model.php(330): CodeIgniter\Database\BaseBuilder->get()
 6 SYSTEMPATH\BaseModel.php(717): CodeIgniter\Model->doFirst()
 7 APPPATH\Controllers\MemberController.php(265): CodeIgniter\BaseModel->first()
 8 SYSTEMPATH\CodeIgniter.php(933): App\Controllers\MemberController->downloadCard()
 9 SYSTEMPATH\CodeIgniter.php(507): CodeIgniter\CodeIgniter->runController(Object(App\Controllers\MemberController))
10 SYSTEMPATH\CodeIgniter.php(354): CodeIgniter\CodeIgniter->handleRequest(null, Object(Config\Cache), false)
11 SYSTEMPATH\Boot.php(334): CodeIgniter\CodeIgniter->run()
12 SYSTEMPATH\Boot.php(67): CodeIgniter\Boot::runCodeIgniter(Object(CodeIgniter\CodeIgniter))
13 FCPATH\index.php(59): CodeIgniter\Boot::bootWeb(Object(Config\Paths))
14 SYSTEMPATH\rewrite.php(44): require_once('C:\\Users\\USER\\Documents\\Elecomp Indonesia\\GESID\\gesid_portal (2)\\gesid.id\\public\\index.php')
DEBUG - 2025-10-06 06:01:34 --> Session: Class initialized using 'CodeIgniter\Session\Handlers\FileHandler' driver.
DEBUG - 2025-10-06 06:01:35 --> Session: Class initialized using 'CodeIgniter\Session\Handlers\FileHandler' driver.
ERROR - 2025-10-06 06:01:35 --> mysqli_sql_exception: Unknown table 'db_gesid.members' in C:\Users\USER\Documents\Elecomp Indonesia\GESID\gesid_portal (2)\gesid.id\system\Database\MySQLi\Connection.php:327
Stack trace:
#0 C:\Users\USER\Documents\Elecomp Indonesia\GESID\gesid_portal (2)\gesid.id\system\Database\MySQLi\Connection.php(327): mysqli->query('SELECT `members...', 0)
#1 C:\Users\USER\Documents\Elecomp Indonesia\GESID\gesid_portal (2)\gesid.id\system\Database\BaseConnection.php(738): CodeIgniter\Database\MySQLi\Connection->execute('SELECT `members...')
#2 C:\Users\USER\Documents\Elecomp Indonesia\GESID\gesid_portal (2)\gesid.id\system\Database\BaseConnection.php(652): CodeIgniter\Database\BaseConnection->simpleQuery('SELECT `members...')
#3 C:\Users\USER\Documents\Elecomp Indonesia\GESID\gesid_portal (2)\gesid.id\system\Database\BaseBuilder.php(1649): CodeIgniter\Database\BaseConnection->query('SELECT `members...', Array, false)
#4 C:\Users\USER\Documents\Elecomp Indonesia\GESID\gesid_portal (2)\gesid.id\system\Model.php(330): CodeIgniter\Database\BaseBuilder->get()
#5 C:\Users\USER\Documents\Elecomp Indonesia\GESID\gesid_portal (2)\gesid.id\system\BaseModel.php(717): CodeIgniter\Model->doFirst()
#6 C:\Users\USER\Documents\Elecomp Indonesia\GESID\gesid_portal (2)\gesid.id\app\Controllers\MemberController.php(265): CodeIgniter\BaseModel->first()
#7 C:\Users\USER\Documents\Elecomp Indonesia\GESID\gesid_portal (2)\gesid.id\system\CodeIgniter.php(933): App\Controllers\MemberController->downloadCard()
#8 C:\Users\USER\Documents\Elecomp Indonesia\GESID\gesid_portal (2)\gesid.id\system\CodeIgniter.php(507): CodeIgniter\CodeIgniter->runController(Object(App\Controllers\MemberController))
#9 C:\Users\USER\Documents\Elecomp Indonesia\GESID\gesid_portal (2)\gesid.id\system\CodeIgniter.php(354): CodeIgniter\CodeIgniter->handleRequest(NULL, Object(Config\Cache), false)
#10 C:\Users\USER\Documents\Elecomp Indonesia\GESID\gesid_portal (2)\gesid.id\system\Boot.php(334): CodeIgniter\CodeIgniter->run()
#11 C:\Users\USER\Documents\Elecomp Indonesia\GESID\gesid_portal (2)\gesid.id\system\Boot.php(67): CodeIgniter\Boot::runCodeIgniter(Object(CodeIgniter\CodeIgniter))
#12 C:\Users\USER\Documents\Elecomp Indonesia\GESID\gesid_portal (2)\gesid.id\public\index.php(59): CodeIgniter\Boot::bootWeb(Object(Config\Paths))
#13 C:\Users\USER\Documents\Elecomp Indonesia\GESID\gesid_portal (2)\gesid.id\system\rewrite.php(44): require_once('C:\\Users\\USER\\D...')
#14 {main}
CRITICAL - 2025-10-06 06:01:35 --> CodeIgniter\Database\Exceptions\DatabaseException: Unknown table 'db_gesid.members'
[Method: GET, Route: member/downloadCard]
in SYSTEMPATH\Database\BaseConnection.php on line 692.
 1 SYSTEMPATH\Database\BaseBuilder.php(1649): CodeIgniter\Database\BaseConnection->query('SELECT `members`.*, `provinsi`.`nama_provinsi`, `kota`.`nama_kota`, `desa`.`nama_desa`
FROM `tb_members`
LEFT JOIN `tb_provinsi` AS `provinsi` ON `provinsi`.`id_provinsi` = `members`.`id_provinsi`
LEFT JOIN `tb_kota_kabupaten` AS `kota` ON `kota`.`id_kota` = `members`.`id_kota`
LEFT JOIN `tb_desa_kelurahan` AS `desa` ON `desa`.`id_desa_kelurahan` = `members`.`id_desa`
WHERE `members`.`id` = :members.id:
 LIMIT 1', [...], false)
 2 SYSTEMPATH\Model.php(330): CodeIgniter\Database\BaseBuilder->get()
 3 SYSTEMPATH\BaseModel.php(717): CodeIgniter\Model->doFirst()
 4 APPPATH\Controllers\MemberController.php(265): CodeIgniter\BaseModel->first()
 5 SYSTEMPATH\CodeIgniter.php(933): App\Controllers\MemberController->downloadCard()
 6 SYSTEMPATH\CodeIgniter.php(507): CodeIgniter\CodeIgniter->runController(Object(App\Controllers\MemberController))
 7 SYSTEMPATH\CodeIgniter.php(354): CodeIgniter\CodeIgniter->handleRequest(null, Object(Config\Cache), false)
 8 SYSTEMPATH\Boot.php(334): CodeIgniter\CodeIgniter->run()
 9 SYSTEMPATH\Boot.php(67): CodeIgniter\Boot::runCodeIgniter(Object(CodeIgniter\CodeIgniter))
10 FCPATH\index.php(59): CodeIgniter\Boot::bootWeb(Object(Config\Paths))
11 SYSTEMPATH\rewrite.php(44): require_once('C:\\Users\\USER\\Documents\\Elecomp Indonesia\\GESID\\gesid_portal (2)\\gesid.id\\public\\index.php')
CRITICAL - 2025-10-06 06:01:35 --> [Caused by] CodeIgniter\Database\Exceptions\DatabaseException: Unknown table 'db_gesid.members'
in SYSTEMPATH\Database\MySQLi\Connection.php on line 332.
 1 SYSTEMPATH\Database\BaseConnection.php(738): CodeIgniter\Database\MySQLi\Connection->execute('SELECT `members`.*, `provinsi`.`nama_provinsi`, `kota`.`nama_kota`, `desa`.`nama_desa`
FROM `tb_members`
LEFT JOIN `tb_provinsi` AS `provinsi` ON `provinsi`.`id_provinsi` = `members`.`id_provinsi`
LEFT JOIN `tb_kota_kabupaten` AS `kota` ON `kota`.`id_kota` = `members`.`id_kota`
LEFT JOIN `tb_desa_kelurahan` AS `desa` ON `desa`.`id_desa_kelurahan` = `members`.`id_desa`
WHERE `members`.`id` = \'16\'
 LIMIT 1')
 2 SYSTEMPATH\Database\BaseConnection.php(652): CodeIgniter\Database\BaseConnection->simpleQuery('SELECT `members`.*, `provinsi`.`nama_provinsi`, `kota`.`nama_kota`, `desa`.`nama_desa`
FROM `tb_members`
LEFT JOIN `tb_provinsi` AS `provinsi` ON `provinsi`.`id_provinsi` = `members`.`id_provinsi`
LEFT JOIN `tb_kota_kabupaten` AS `kota` ON `kota`.`id_kota` = `members`.`id_kota`
LEFT JOIN `tb_desa_kelurahan` AS `desa` ON `desa`.`id_desa_kelurahan` = `members`.`id_desa`
WHERE `members`.`id` = \'16\'
 LIMIT 1')
 3 SYSTEMPATH\Database\BaseBuilder.php(1649): CodeIgniter\Database\BaseConnection->query('SELECT `members`.*, `provinsi`.`nama_provinsi`, `kota`.`nama_kota`, `desa`.`nama_desa`
FROM `tb_members`
LEFT JOIN `tb_provinsi` AS `provinsi` ON `provinsi`.`id_provinsi` = `members`.`id_provinsi`
LEFT JOIN `tb_kota_kabupaten` AS `kota` ON `kota`.`id_kota` = `members`.`id_kota`
LEFT JOIN `tb_desa_kelurahan` AS `desa` ON `desa`.`id_desa_kelurahan` = `members`.`id_desa`
WHERE `members`.`id` = :members.id:
 LIMIT 1', [...], false)
 4 SYSTEMPATH\Model.php(330): CodeIgniter\Database\BaseBuilder->get()
 5 SYSTEMPATH\BaseModel.php(717): CodeIgniter\Model->doFirst()
 6 APPPATH\Controllers\MemberController.php(265): CodeIgniter\BaseModel->first()
 7 SYSTEMPATH\CodeIgniter.php(933): App\Controllers\MemberController->downloadCard()
 8 SYSTEMPATH\CodeIgniter.php(507): CodeIgniter\CodeIgniter->runController(Object(App\Controllers\MemberController))
 9 SYSTEMPATH\CodeIgniter.php(354): CodeIgniter\CodeIgniter->handleRequest(null, Object(Config\Cache), false)
10 SYSTEMPATH\Boot.php(334): CodeIgniter\CodeIgniter->run()
11 SYSTEMPATH\Boot.php(67): CodeIgniter\Boot::runCodeIgniter(Object(CodeIgniter\CodeIgniter))
12 FCPATH\index.php(59): CodeIgniter\Boot::bootWeb(Object(Config\Paths))
13 SYSTEMPATH\rewrite.php(44): require_once('C:\\Users\\USER\\Documents\\Elecomp Indonesia\\GESID\\gesid_portal (2)\\gesid.id\\public\\index.php')
CRITICAL - 2025-10-06 06:01:35 --> [Caused by] mysqli_sql_exception: Unknown table 'db_gesid.members'
in SYSTEMPATH\Database\MySQLi\Connection.php on line 327.
 1 SYSTEMPATH\Database\MySQLi\Connection.php(327): mysqli->query('SELECT `members`.*, `provinsi`.`nama_provinsi`, `kota`.`nama_kota`, `desa`.`nama_desa`
FROM `tb_members`
LEFT JOIN `tb_provinsi` AS `provinsi` ON `provinsi`.`id_provinsi` = `members`.`id_provinsi`
LEFT JOIN `tb_kota_kabupaten` AS `kota` ON `kota`.`id_kota` = `members`.`id_kota`
LEFT JOIN `tb_desa_kelurahan` AS `desa` ON `desa`.`id_desa_kelurahan` = `members`.`id_desa`
WHERE `members`.`id` = \'16\'
 LIMIT 1', 0)
 2 SYSTEMPATH\Database\BaseConnection.php(738): CodeIgniter\Database\MySQLi\Connection->execute('SELECT `members`.*, `provinsi`.`nama_provinsi`, `kota`.`nama_kota`, `desa`.`nama_desa`
FROM `tb_members`
LEFT JOIN `tb_provinsi` AS `provinsi` ON `provinsi`.`id_provinsi` = `members`.`id_provinsi`
LEFT JOIN `tb_kota_kabupaten` AS `kota` ON `kota`.`id_kota` = `members`.`id_kota`
LEFT JOIN `tb_desa_kelurahan` AS `desa` ON `desa`.`id_desa_kelurahan` = `members`.`id_desa`
WHERE `members`.`id` = \'16\'
 LIMIT 1')
 3 SYSTEMPATH\Database\BaseConnection.php(652): CodeIgniter\Database\BaseConnection->simpleQuery('SELECT `members`.*, `provinsi`.`nama_provinsi`, `kota`.`nama_kota`, `desa`.`nama_desa`
FROM `tb_members`
LEFT JOIN `tb_provinsi` AS `provinsi` ON `provinsi`.`id_provinsi` = `members`.`id_provinsi`
LEFT JOIN `tb_kota_kabupaten` AS `kota` ON `kota`.`id_kota` = `members`.`id_kota`
LEFT JOIN `tb_desa_kelurahan` AS `desa` ON `desa`.`id_desa_kelurahan` = `members`.`id_desa`
WHERE `members`.`id` = \'16\'
 LIMIT 1')
 4 SYSTEMPATH\Database\BaseBuilder.php(1649): CodeIgniter\Database\BaseConnection->query('SELECT `members`.*, `provinsi`.`nama_provinsi`, `kota`.`nama_kota`, `desa`.`nama_desa`
FROM `tb_members`
LEFT JOIN `tb_provinsi` AS `provinsi` ON `provinsi`.`id_provinsi` = `members`.`id_provinsi`
LEFT JOIN `tb_kota_kabupaten` AS `kota` ON `kota`.`id_kota` = `members`.`id_kota`
LEFT JOIN `tb_desa_kelurahan` AS `desa` ON `desa`.`id_desa_kelurahan` = `members`.`id_desa`
WHERE `members`.`id` = :members.id:
 LIMIT 1', [...], false)
 5 SYSTEMPATH\Model.php(330): CodeIgniter\Database\BaseBuilder->get()
 6 SYSTEMPATH\BaseModel.php(717): CodeIgniter\Model->doFirst()
 7 APPPATH\Controllers\MemberController.php(265): CodeIgniter\BaseModel->first()
 8 SYSTEMPATH\CodeIgniter.php(933): App\Controllers\MemberController->downloadCard()
 9 SYSTEMPATH\CodeIgniter.php(507): CodeIgniter\CodeIgniter->runController(Object(App\Controllers\MemberController))
10 SYSTEMPATH\CodeIgniter.php(354): CodeIgniter\CodeIgniter->handleRequest(null, Object(Config\Cache), false)
11 SYSTEMPATH\Boot.php(334): CodeIgniter\CodeIgniter->run()
12 SYSTEMPATH\Boot.php(67): CodeIgniter\Boot::runCodeIgniter(Object(CodeIgniter\CodeIgniter))
13 FCPATH\index.php(59): CodeIgniter\Boot::bootWeb(Object(Config\Paths))
14 SYSTEMPATH\rewrite.php(44): require_once('C:\\Users\\USER\\Documents\\Elecomp Indonesia\\GESID\\gesid_portal (2)\\gesid.id\\public\\index.php')
DEBUG - 2025-10-06 06:02:57 --> Session: Class initialized using 'CodeIgniter\Session\Handlers\FileHandler' driver.
DEBUG - 2025-10-06 06:02:58 --> Session: Class initialized using 'CodeIgniter\Session\Handlers\FileHandler' driver.
ERROR - 2025-10-06 06:02:58 --> mysqli_sql_exception: Unknown column 'tb-members.id_provinsi' in 'on clause' in C:\Users\USER\Documents\Elecomp Indonesia\GESID\gesid_portal (2)\gesid.id\system\Database\MySQLi\Connection.php:327
Stack trace:
#0 C:\Users\USER\Documents\Elecomp Indonesia\GESID\gesid_portal (2)\gesid.id\system\Database\MySQLi\Connection.php(327): mysqli->query('SELECT `tb_memb...', 0)
#1 C:\Users\USER\Documents\Elecomp Indonesia\GESID\gesid_portal (2)\gesid.id\system\Database\BaseConnection.php(738): CodeIgniter\Database\MySQLi\Connection->execute('SELECT `tb_memb...')
#2 C:\Users\USER\Documents\Elecomp Indonesia\GESID\gesid_portal (2)\gesid.id\system\Database\BaseConnection.php(652): CodeIgniter\Database\BaseConnection->simpleQuery('SELECT `tb_memb...')
#3 C:\Users\USER\Documents\Elecomp Indonesia\GESID\gesid_portal (2)\gesid.id\system\Database\BaseBuilder.php(1649): CodeIgniter\Database\BaseConnection->query('SELECT `tb_memb...', Array, false)
#4 C:\Users\USER\Documents\Elecomp Indonesia\GESID\gesid_portal (2)\gesid.id\system\Model.php(330): CodeIgniter\Database\BaseBuilder->get()
#5 C:\Users\USER\Documents\Elecomp Indonesia\GESID\gesid_portal (2)\gesid.id\system\BaseModel.php(717): CodeIgniter\Model->doFirst()
#6 C:\Users\USER\Documents\Elecomp Indonesia\GESID\gesid_portal (2)\gesid.id\app\Controllers\MemberController.php(265): CodeIgniter\BaseModel->first()
#7 C:\Users\USER\Documents\Elecomp Indonesia\GESID\gesid_portal (2)\gesid.id\system\CodeIgniter.php(933): App\Controllers\MemberController->downloadCard()
#8 C:\Users\USER\Documents\Elecomp Indonesia\GESID\gesid_portal (2)\gesid.id\system\CodeIgniter.php(507): CodeIgniter\CodeIgniter->runController(Object(App\Controllers\MemberController))
#9 C:\Users\USER\Documents\Elecomp Indonesia\GESID\gesid_portal (2)\gesid.id\system\CodeIgniter.php(354): CodeIgniter\CodeIgniter->handleRequest(NULL, Object(Config\Cache), false)
#10 C:\Users\USER\Documents\Elecomp Indonesia\GESID\gesid_portal (2)\gesid.id\system\Boot.php(334): CodeIgniter\CodeIgniter->run()
#11 C:\Users\USER\Documents\Elecomp Indonesia\GESID\gesid_portal (2)\gesid.id\system\Boot.php(67): CodeIgniter\Boot::runCodeIgniter(Object(CodeIgniter\CodeIgniter))
#12 C:\Users\USER\Documents\Elecomp Indonesia\GESID\gesid_portal (2)\gesid.id\public\index.php(59): CodeIgniter\Boot::bootWeb(Object(Config\Paths))
#13 C:\Users\USER\Documents\Elecomp Indonesia\GESID\gesid_portal (2)\gesid.id\system\rewrite.php(44): require_once('C:\\Users\\USER\\D...')
#14 {main}
CRITICAL - 2025-10-06 06:02:58 --> CodeIgniter\Database\Exceptions\DatabaseException: Unknown column 'tb-members.id_provinsi' in 'on clause'
[Method: GET, Route: member/downloadCard]
in SYSTEMPATH\Database\BaseConnection.php on line 692.
 1 SYSTEMPATH\Database\BaseBuilder.php(1649): CodeIgniter\Database\BaseConnection->query('SELECT `tb_members`.*, `provinsi`.`nama_provinsi`, `kota`.`nama_kota`, `desa`.`nama_desa`
FROM `tb_members`
LEFT JOIN `tb_provinsi` AS `provinsi` ON `provinsi`.`id_provinsi` = `tb-members`.`id_provinsi`
LEFT JOIN `tb_kota_kabupaten` AS `kota` ON `kota`.`id_kota` = `tb_members`.`id_kota`
LEFT JOIN `tb_desa_kelurahan` AS `desa` ON `desa`.`id_desa_kelurahan` = `tb_members`.`id_desa`
WHERE `tb_members`.`id` = :tb_members.id:
 LIMIT 1', [...], false)
 2 SYSTEMPATH\Model.php(330): CodeIgniter\Database\BaseBuilder->get()
 3 SYSTEMPATH\BaseModel.php(717): CodeIgniter\Model->doFirst()
 4 APPPATH\Controllers\MemberController.php(265): CodeIgniter\BaseModel->first()
 5 SYSTEMPATH\CodeIgniter.php(933): App\Controllers\MemberController->downloadCard()
 6 SYSTEMPATH\CodeIgniter.php(507): CodeIgniter\CodeIgniter->runController(Object(App\Controllers\MemberController))
 7 SYSTEMPATH\CodeIgniter.php(354): CodeIgniter\CodeIgniter->handleRequest(null, Object(Config\Cache), false)
 8 SYSTEMPATH\Boot.php(334): CodeIgniter\CodeIgniter->run()
 9 SYSTEMPATH\Boot.php(67): CodeIgniter\Boot::runCodeIgniter(Object(CodeIgniter\CodeIgniter))
10 FCPATH\index.php(59): CodeIgniter\Boot::bootWeb(Object(Config\Paths))
11 SYSTEMPATH\rewrite.php(44): require_once('C:\\Users\\USER\\Documents\\Elecomp Indonesia\\GESID\\gesid_portal (2)\\gesid.id\\public\\index.php')
CRITICAL - 2025-10-06 06:02:58 --> [Caused by] CodeIgniter\Database\Exceptions\DatabaseException: Unknown column 'tb-members.id_provinsi' in 'on clause'
in SYSTEMPATH\Database\MySQLi\Connection.php on line 332.
 1 SYSTEMPATH\Database\BaseConnection.php(738): CodeIgniter\Database\MySQLi\Connection->execute('SELECT `tb_members`.*, `provinsi`.`nama_provinsi`, `kota`.`nama_kota`, `desa`.`nama_desa`
FROM `tb_members`
LEFT JOIN `tb_provinsi` AS `provinsi` ON `provinsi`.`id_provinsi` = `tb-members`.`id_provinsi`
LEFT JOIN `tb_kota_kabupaten` AS `kota` ON `kota`.`id_kota` = `tb_members`.`id_kota`
LEFT JOIN `tb_desa_kelurahan` AS `desa` ON `desa`.`id_desa_kelurahan` = `tb_members`.`id_desa`
WHERE `tb_members`.`id` = \'16\'
 LIMIT 1')
 2 SYSTEMPATH\Database\BaseConnection.php(652): CodeIgniter\Database\BaseConnection->simpleQuery('SELECT `tb_members`.*, `provinsi`.`nama_provinsi`, `kota`.`nama_kota`, `desa`.`nama_desa`
FROM `tb_members`
LEFT JOIN `tb_provinsi` AS `provinsi` ON `provinsi`.`id_provinsi` = `tb-members`.`id_provinsi`
LEFT JOIN `tb_kota_kabupaten` AS `kota` ON `kota`.`id_kota` = `tb_members`.`id_kota`
LEFT JOIN `tb_desa_kelurahan` AS `desa` ON `desa`.`id_desa_kelurahan` = `tb_members`.`id_desa`
WHERE `tb_members`.`id` = \'16\'
 LIMIT 1')
 3 SYSTEMPATH\Database\BaseBuilder.php(1649): CodeIgniter\Database\BaseConnection->query('SELECT `tb_members`.*, `provinsi`.`nama_provinsi`, `kota`.`nama_kota`, `desa`.`nama_desa`
FROM `tb_members`
LEFT JOIN `tb_provinsi` AS `provinsi` ON `provinsi`.`id_provinsi` = `tb-members`.`id_provinsi`
LEFT JOIN `tb_kota_kabupaten` AS `kota` ON `kota`.`id_kota` = `tb_members`.`id_kota`
LEFT JOIN `tb_desa_kelurahan` AS `desa` ON `desa`.`id_desa_kelurahan` = `tb_members`.`id_desa`
WHERE `tb_members`.`id` = :tb_members.id:
 LIMIT 1', [...], false)
 4 SYSTEMPATH\Model.php(330): CodeIgniter\Database\BaseBuilder->get()
 5 SYSTEMPATH\BaseModel.php(717): CodeIgniter\Model->doFirst()
 6 APPPATH\Controllers\MemberController.php(265): CodeIgniter\BaseModel->first()
 7 SYSTEMPATH\CodeIgniter.php(933): App\Controllers\MemberController->downloadCard()
 8 SYSTEMPATH\CodeIgniter.php(507): CodeIgniter\CodeIgniter->runController(Object(App\Controllers\MemberController))
 9 SYSTEMPATH\CodeIgniter.php(354): CodeIgniter\CodeIgniter->handleRequest(null, Object(Config\Cache), false)
10 SYSTEMPATH\Boot.php(334): CodeIgniter\CodeIgniter->run()
11 SYSTEMPATH\Boot.php(67): CodeIgniter\Boot::runCodeIgniter(Object(CodeIgniter\CodeIgniter))
12 FCPATH\index.php(59): CodeIgniter\Boot::bootWeb(Object(Config\Paths))
13 SYSTEMPATH\rewrite.php(44): require_once('C:\\Users\\USER\\Documents\\Elecomp Indonesia\\GESID\\gesid_portal (2)\\gesid.id\\public\\index.php')
CRITICAL - 2025-10-06 06:02:58 --> [Caused by] mysqli_sql_exception: Unknown column 'tb-members.id_provinsi' in 'on clause'
in SYSTEMPATH\Database\MySQLi\Connection.php on line 327.
 1 SYSTEMPATH\Database\MySQLi\Connection.php(327): mysqli->query('SELECT `tb_members`.*, `provinsi`.`nama_provinsi`, `kota`.`nama_kota`, `desa`.`nama_desa`
FROM `tb_members`
LEFT JOIN `tb_provinsi` AS `provinsi` ON `provinsi`.`id_provinsi` = `tb-members`.`id_provinsi`
LEFT JOIN `tb_kota_kabupaten` AS `kota` ON `kota`.`id_kota` = `tb_members`.`id_kota`
LEFT JOIN `tb_desa_kelurahan` AS `desa` ON `desa`.`id_desa_kelurahan` = `tb_members`.`id_desa`
WHERE `tb_members`.`id` = \'16\'
 LIMIT 1', 0)
 2 SYSTEMPATH\Database\BaseConnection.php(738): CodeIgniter\Database\MySQLi\Connection->execute('SELECT `tb_members`.*, `provinsi`.`nama_provinsi`, `kota`.`nama_kota`, `desa`.`nama_desa`
FROM `tb_members`
LEFT JOIN `tb_provinsi` AS `provinsi` ON `provinsi`.`id_provinsi` = `tb-members`.`id_provinsi`
LEFT JOIN `tb_kota_kabupaten` AS `kota` ON `kota`.`id_kota` = `tb_members`.`id_kota`
LEFT JOIN `tb_desa_kelurahan` AS `desa` ON `desa`.`id_desa_kelurahan` = `tb_members`.`id_desa`
WHERE `tb_members`.`id` = \'16\'
 LIMIT 1')
 3 SYSTEMPATH\Database\BaseConnection.php(652): CodeIgniter\Database\BaseConnection->simpleQuery('SELECT `tb_members`.*, `provinsi`.`nama_provinsi`, `kota`.`nama_kota`, `desa`.`nama_desa`
FROM `tb_members`
LEFT JOIN `tb_provinsi` AS `provinsi` ON `provinsi`.`id_provinsi` = `tb-members`.`id_provinsi`
LEFT JOIN `tb_kota_kabupaten` AS `kota` ON `kota`.`id_kota` = `tb_members`.`id_kota`
LEFT JOIN `tb_desa_kelurahan` AS `desa` ON `desa`.`id_desa_kelurahan` = `tb_members`.`id_desa`
WHERE `tb_members`.`id` = \'16\'
 LIMIT 1')
 4 SYSTEMPATH\Database\BaseBuilder.php(1649): CodeIgniter\Database\BaseConnection->query('SELECT `tb_members`.*, `provinsi`.`nama_provinsi`, `kota`.`nama_kota`, `desa`.`nama_desa`
FROM `tb_members`
LEFT JOIN `tb_provinsi` AS `provinsi` ON `provinsi`.`id_provinsi` = `tb-members`.`id_provinsi`
LEFT JOIN `tb_kota_kabupaten` AS `kota` ON `kota`.`id_kota` = `tb_members`.`id_kota`
LEFT JOIN `tb_desa_kelurahan` AS `desa` ON `desa`.`id_desa_kelurahan` = `tb_members`.`id_desa`
WHERE `tb_members`.`id` = :tb_members.id:
 LIMIT 1', [...], false)
 5 SYSTEMPATH\Model.php(330): CodeIgniter\Database\BaseBuilder->get()
 6 SYSTEMPATH\BaseModel.php(717): CodeIgniter\Model->doFirst()
 7 APPPATH\Controllers\MemberController.php(265): CodeIgniter\BaseModel->first()
 8 SYSTEMPATH\CodeIgniter.php(933): App\Controllers\MemberController->downloadCard()
 9 SYSTEMPATH\CodeIgniter.php(507): CodeIgniter\CodeIgniter->runController(Object(App\Controllers\MemberController))
10 SYSTEMPATH\CodeIgniter.php(354): CodeIgniter\CodeIgniter->handleRequest(null, Object(Config\Cache), false)
11 SYSTEMPATH\Boot.php(334): CodeIgniter\CodeIgniter->run()
12 SYSTEMPATH\Boot.php(67): CodeIgniter\Boot::runCodeIgniter(Object(CodeIgniter\CodeIgniter))
13 FCPATH\index.php(59): CodeIgniter\Boot::bootWeb(Object(Config\Paths))
14 SYSTEMPATH\rewrite.php(44): require_once('C:\\Users\\USER\\Documents\\Elecomp Indonesia\\GESID\\gesid_portal (2)\\gesid.id\\public\\index.php')
DEBUG - 2025-10-06 06:03:06 --> Session: Class initialized using 'CodeIgniter\Session\Handlers\FileHandler' driver.
DEBUG - 2025-10-06 06:03:07 --> Session: Class initialized using 'CodeIgniter\Session\Handlers\FileHandler' driver.
DEBUG - 2025-10-06 06:03:08 --> Session: Class initialized using 'CodeIgniter\Session\Handlers\FileHandler' driver.
ERROR - 2025-10-06 06:03:08 --> mysqli_sql_exception: Unknown column 'desa.id_desa_kelurahan' in 'on clause' in C:\Users\USER\Documents\Elecomp Indonesia\GESID\gesid_portal (2)\gesid.id\system\Database\MySQLi\Connection.php:327
Stack trace:
#0 C:\Users\USER\Documents\Elecomp Indonesia\GESID\gesid_portal (2)\gesid.id\system\Database\MySQLi\Connection.php(327): mysqli->query('SELECT `tb_memb...', 0)
#1 C:\Users\USER\Documents\Elecomp Indonesia\GESID\gesid_portal (2)\gesid.id\system\Database\BaseConnection.php(738): CodeIgniter\Database\MySQLi\Connection->execute('SELECT `tb_memb...')
#2 C:\Users\USER\Documents\Elecomp Indonesia\GESID\gesid_portal (2)\gesid.id\system\Database\BaseConnection.php(652): CodeIgniter\Database\BaseConnection->simpleQuery('SELECT `tb_memb...')
#3 C:\Users\USER\Documents\Elecomp Indonesia\GESID\gesid_portal (2)\gesid.id\system\Database\BaseBuilder.php(1649): CodeIgniter\Database\BaseConnection->query('SELECT `tb_memb...', Array, false)
#4 C:\Users\USER\Documents\Elecomp Indonesia\GESID\gesid_portal (2)\gesid.id\system\Model.php(330): CodeIgniter\Database\BaseBuilder->get()
#5 C:\Users\USER\Documents\Elecomp Indonesia\GESID\gesid_portal (2)\gesid.id\system\BaseModel.php(717): CodeIgniter\Model->doFirst()
#6 C:\Users\USER\Documents\Elecomp Indonesia\GESID\gesid_portal (2)\gesid.id\app\Controllers\MemberController.php(265): CodeIgniter\BaseModel->first()
#7 C:\Users\USER\Documents\Elecomp Indonesia\GESID\gesid_portal (2)\gesid.id\system\CodeIgniter.php(933): App\Controllers\MemberController->downloadCard()
#8 C:\Users\USER\Documents\Elecomp Indonesia\GESID\gesid_portal (2)\gesid.id\system\CodeIgniter.php(507): CodeIgniter\CodeIgniter->runController(Object(App\Controllers\MemberController))
#9 C:\Users\USER\Documents\Elecomp Indonesia\GESID\gesid_portal (2)\gesid.id\system\CodeIgniter.php(354): CodeIgniter\CodeIgniter->handleRequest(NULL, Object(Config\Cache), false)
#10 C:\Users\USER\Documents\Elecomp Indonesia\GESID\gesid_portal (2)\gesid.id\system\Boot.php(334): CodeIgniter\CodeIgniter->run()
#11 C:\Users\USER\Documents\Elecomp Indonesia\GESID\gesid_portal (2)\gesid.id\system\Boot.php(67): CodeIgniter\Boot::runCodeIgniter(Object(CodeIgniter\CodeIgniter))
#12 C:\Users\USER\Documents\Elecomp Indonesia\GESID\gesid_portal (2)\gesid.id\public\index.php(59): CodeIgniter\Boot::bootWeb(Object(Config\Paths))
#13 C:\Users\USER\Documents\Elecomp Indonesia\GESID\gesid_portal (2)\gesid.id\system\rewrite.php(44): require_once('C:\\Users\\USER\\D...')
#14 {main}
CRITICAL - 2025-10-06 06:03:08 --> CodeIgniter\Database\Exceptions\DatabaseException: Unknown column 'desa.id_desa_kelurahan' in 'on clause'
[Method: GET, Route: member/downloadCard]
in SYSTEMPATH\Database\BaseConnection.php on line 692.
 1 SYSTEMPATH\Database\BaseBuilder.php(1649): CodeIgniter\Database\BaseConnection->query('SELECT `tb_members`.*, `provinsi`.`nama_provinsi`, `kota`.`nama_kota`, `desa`.`nama_desa`
FROM `tb_members`
LEFT JOIN `tb_provinsi` AS `provinsi` ON `provinsi`.`id_provinsi` = `tb_members`.`id_provinsi`
LEFT JOIN `tb_kota_kabupaten` AS `kota` ON `kota`.`id_kota` = `tb_members`.`id_kota`
LEFT JOIN `tb_desa_kelurahan` AS `desa` ON `desa`.`id_desa_kelurahan` = `tb_members`.`id_desa`
WHERE `tb_members`.`id` = :tb_members.id:
 LIMIT 1', [...], false)
 2 SYSTEMPATH\Model.php(330): CodeIgniter\Database\BaseBuilder->get()
 3 SYSTEMPATH\BaseModel.php(717): CodeIgniter\Model->doFirst()
 4 APPPATH\Controllers\MemberController.php(265): CodeIgniter\BaseModel->first()
 5 SYSTEMPATH\CodeIgniter.php(933): App\Controllers\MemberController->downloadCard()
 6 SYSTEMPATH\CodeIgniter.php(507): CodeIgniter\CodeIgniter->runController(Object(App\Controllers\MemberController))
 7 SYSTEMPATH\CodeIgniter.php(354): CodeIgniter\CodeIgniter->handleRequest(null, Object(Config\Cache), false)
 8 SYSTEMPATH\Boot.php(334): CodeIgniter\CodeIgniter->run()
 9 SYSTEMPATH\Boot.php(67): CodeIgniter\Boot::runCodeIgniter(Object(CodeIgniter\CodeIgniter))
10 FCPATH\index.php(59): CodeIgniter\Boot::bootWeb(Object(Config\Paths))
11 SYSTEMPATH\rewrite.php(44): require_once('C:\\Users\\USER\\Documents\\Elecomp Indonesia\\GESID\\gesid_portal (2)\\gesid.id\\public\\index.php')
CRITICAL - 2025-10-06 06:03:08 --> [Caused by] CodeIgniter\Database\Exceptions\DatabaseException: Unknown column 'desa.id_desa_kelurahan' in 'on clause'
in SYSTEMPATH\Database\MySQLi\Connection.php on line 332.
 1 SYSTEMPATH\Database\BaseConnection.php(738): CodeIgniter\Database\MySQLi\Connection->execute('SELECT `tb_members`.*, `provinsi`.`nama_provinsi`, `kota`.`nama_kota`, `desa`.`nama_desa`
FROM `tb_members`
LEFT JOIN `tb_provinsi` AS `provinsi` ON `provinsi`.`id_provinsi` = `tb_members`.`id_provinsi`
LEFT JOIN `tb_kota_kabupaten` AS `kota` ON `kota`.`id_kota` = `tb_members`.`id_kota`
LEFT JOIN `tb_desa_kelurahan` AS `desa` ON `desa`.`id_desa_kelurahan` = `tb_members`.`id_desa`
WHERE `tb_members`.`id` = \'16\'
 LIMIT 1')
 2 SYSTEMPATH\Database\BaseConnection.php(652): CodeIgniter\Database\BaseConnection->simpleQuery('SELECT `tb_members`.*, `provinsi`.`nama_provinsi`, `kota`.`nama_kota`, `desa`.`nama_desa`
FROM `tb_members`
LEFT JOIN `tb_provinsi` AS `provinsi` ON `provinsi`.`id_provinsi` = `tb_members`.`id_provinsi`
LEFT JOIN `tb_kota_kabupaten` AS `kota` ON `kota`.`id_kota` = `tb_members`.`id_kota`
LEFT JOIN `tb_desa_kelurahan` AS `desa` ON `desa`.`id_desa_kelurahan` = `tb_members`.`id_desa`
WHERE `tb_members`.`id` = \'16\'
 LIMIT 1')
 3 SYSTEMPATH\Database\BaseBuilder.php(1649): CodeIgniter\Database\BaseConnection->query('SELECT `tb_members`.*, `provinsi`.`nama_provinsi`, `kota`.`nama_kota`, `desa`.`nama_desa`
FROM `tb_members`
LEFT JOIN `tb_provinsi` AS `provinsi` ON `provinsi`.`id_provinsi` = `tb_members`.`id_provinsi`
LEFT JOIN `tb_kota_kabupaten` AS `kota` ON `kota`.`id_kota` = `tb_members`.`id_kota`
LEFT JOIN `tb_desa_kelurahan` AS `desa` ON `desa`.`id_desa_kelurahan` = `tb_members`.`id_desa`
WHERE `tb_members`.`id` = :tb_members.id:
 LIMIT 1', [...], false)
 4 SYSTEMPATH\Model.php(330): CodeIgniter\Database\BaseBuilder->get()
 5 SYSTEMPATH\BaseModel.php(717): CodeIgniter\Model->doFirst()
 6 APPPATH\Controllers\MemberController.php(265): CodeIgniter\BaseModel->first()
 7 SYSTEMPATH\CodeIgniter.php(933): App\Controllers\MemberController->downloadCard()
 8 SYSTEMPATH\CodeIgniter.php(507): CodeIgniter\CodeIgniter->runController(Object(App\Controllers\MemberController))
 9 SYSTEMPATH\CodeIgniter.php(354): CodeIgniter\CodeIgniter->handleRequest(null, Object(Config\Cache), false)
10 SYSTEMPATH\Boot.php(334): CodeIgniter\CodeIgniter->run()
11 SYSTEMPATH\Boot.php(67): CodeIgniter\Boot::runCodeIgniter(Object(CodeIgniter\CodeIgniter))
12 FCPATH\index.php(59): CodeIgniter\Boot::bootWeb(Object(Config\Paths))
13 SYSTEMPATH\rewrite.php(44): require_once('C:\\Users\\USER\\Documents\\Elecomp Indonesia\\GESID\\gesid_portal (2)\\gesid.id\\public\\index.php')
CRITICAL - 2025-10-06 06:03:08 --> [Caused by] mysqli_sql_exception: Unknown column 'desa.id_desa_kelurahan' in 'on clause'
in SYSTEMPATH\Database\MySQLi\Connection.php on line 327.
 1 SYSTEMPATH\Database\MySQLi\Connection.php(327): mysqli->query('SELECT `tb_members`.*, `provinsi`.`nama_provinsi`, `kota`.`nama_kota`, `desa`.`nama_desa`
FROM `tb_members`
LEFT JOIN `tb_provinsi` AS `provinsi` ON `provinsi`.`id_provinsi` = `tb_members`.`id_provinsi`
LEFT JOIN `tb_kota_kabupaten` AS `kota` ON `kota`.`id_kota` = `tb_members`.`id_kota`
LEFT JOIN `tb_desa_kelurahan` AS `desa` ON `desa`.`id_desa_kelurahan` = `tb_members`.`id_desa`
WHERE `tb_members`.`id` = \'16\'
 LIMIT 1', 0)
 2 SYSTEMPATH\Database\BaseConnection.php(738): CodeIgniter\Database\MySQLi\Connection->execute('SELECT `tb_members`.*, `provinsi`.`nama_provinsi`, `kota`.`nama_kota`, `desa`.`nama_desa`
FROM `tb_members`
LEFT JOIN `tb_provinsi` AS `provinsi` ON `provinsi`.`id_provinsi` = `tb_members`.`id_provinsi`
LEFT JOIN `tb_kota_kabupaten` AS `kota` ON `kota`.`id_kota` = `tb_members`.`id_kota`
LEFT JOIN `tb_desa_kelurahan` AS `desa` ON `desa`.`id_desa_kelurahan` = `tb_members`.`id_desa`
WHERE `tb_members`.`id` = \'16\'
 LIMIT 1')
 3 SYSTEMPATH\Database\BaseConnection.php(652): CodeIgniter\Database\BaseConnection->simpleQuery('SELECT `tb_members`.*, `provinsi`.`nama_provinsi`, `kota`.`nama_kota`, `desa`.`nama_desa`
FROM `tb_members`
LEFT JOIN `tb_provinsi` AS `provinsi` ON `provinsi`.`id_provinsi` = `tb_members`.`id_provinsi`
LEFT JOIN `tb_kota_kabupaten` AS `kota` ON `kota`.`id_kota` = `tb_members`.`id_kota`
LEFT JOIN `tb_desa_kelurahan` AS `desa` ON `desa`.`id_desa_kelurahan` = `tb_members`.`id_desa`
WHERE `tb_members`.`id` = \'16\'
 LIMIT 1')
 4 SYSTEMPATH\Database\BaseBuilder.php(1649): CodeIgniter\Database\BaseConnection->query('SELECT `tb_members`.*, `provinsi`.`nama_provinsi`, `kota`.`nama_kota`, `desa`.`nama_desa`
FROM `tb_members`
LEFT JOIN `tb_provinsi` AS `provinsi` ON `provinsi`.`id_provinsi` = `tb_members`.`id_provinsi`
LEFT JOIN `tb_kota_kabupaten` AS `kota` ON `kota`.`id_kota` = `tb_members`.`id_kota`
LEFT JOIN `tb_desa_kelurahan` AS `desa` ON `desa`.`id_desa_kelurahan` = `tb_members`.`id_desa`
WHERE `tb_members`.`id` = :tb_members.id:
 LIMIT 1', [...], false)
 5 SYSTEMPATH\Model.php(330): CodeIgniter\Database\BaseBuilder->get()
 6 SYSTEMPATH\BaseModel.php(717): CodeIgniter\Model->doFirst()
 7 APPPATH\Controllers\MemberController.php(265): CodeIgniter\BaseModel->first()
 8 SYSTEMPATH\CodeIgniter.php(933): App\Controllers\MemberController->downloadCard()
 9 SYSTEMPATH\CodeIgniter.php(507): CodeIgniter\CodeIgniter->runController(Object(App\Controllers\MemberController))
10 SYSTEMPATH\CodeIgniter.php(354): CodeIgniter\CodeIgniter->handleRequest(null, Object(Config\Cache), false)
11 SYSTEMPATH\Boot.php(334): CodeIgniter\CodeIgniter->run()
12 SYSTEMPATH\Boot.php(67): CodeIgniter\Boot::runCodeIgniter(Object(CodeIgniter\CodeIgniter))
13 FCPATH\index.php(59): CodeIgniter\Boot::bootWeb(Object(Config\Paths))
14 SYSTEMPATH\rewrite.php(44): require_once('C:\\Users\\USER\\Documents\\Elecomp Indonesia\\GESID\\gesid_portal (2)\\gesid.id\\public\\index.php')
DEBUG - 2025-10-06 06:04:18 --> Session: Class initialized using 'CodeIgniter\Session\Handlers\FileHandler' driver.
DEBUG - 2025-10-06 06:04:20 --> Session: Class initialized using 'CodeIgniter\Session\Handlers\FileHandler' driver.
ERROR - 2025-10-06 06:04:20 --> mysqli_sql_exception: Unknown table 'db_gesid.members' in C:\Users\USER\Documents\Elecomp Indonesia\GESID\gesid_portal (2)\gesid.id\system\Database\MySQLi\Connection.php:327
Stack trace:
#0 C:\Users\USER\Documents\Elecomp Indonesia\GESID\gesid_portal (2)\gesid.id\system\Database\MySQLi\Connection.php(327): mysqli->query('SELECT `members...', 0)
#1 C:\Users\USER\Documents\Elecomp Indonesia\GESID\gesid_portal (2)\gesid.id\system\Database\BaseConnection.php(738): CodeIgniter\Database\MySQLi\Connection->execute('SELECT `members...')
#2 C:\Users\USER\Documents\Elecomp Indonesia\GESID\gesid_portal (2)\gesid.id\system\Database\BaseConnection.php(652): CodeIgniter\Database\BaseConnection->simpleQuery('SELECT `members...')
#3 C:\Users\USER\Documents\Elecomp Indonesia\GESID\gesid_portal (2)\gesid.id\system\Database\BaseBuilder.php(1649): CodeIgniter\Database\BaseConnection->query('SELECT `members...', Array, false)
#4 C:\Users\USER\Documents\Elecomp Indonesia\GESID\gesid_portal (2)\gesid.id\system\Model.php(330): CodeIgniter\Database\BaseBuilder->get()
#5 C:\Users\USER\Documents\Elecomp Indonesia\GESID\gesid_portal (2)\gesid.id\system\BaseModel.php(717): CodeIgniter\Model->doFirst()
#6 C:\Users\USER\Documents\Elecomp Indonesia\GESID\gesid_portal (2)\gesid.id\app\Controllers\MemberController.php(265): CodeIgniter\BaseModel->first()
#7 C:\Users\USER\Documents\Elecomp Indonesia\GESID\gesid_portal (2)\gesid.id\system\CodeIgniter.php(933): App\Controllers\MemberController->downloadCard()
#8 C:\Users\USER\Documents\Elecomp Indonesia\GESID\gesid_portal (2)\gesid.id\system\CodeIgniter.php(507): CodeIgniter\CodeIgniter->runController(Object(App\Controllers\MemberController))
#9 C:\Users\USER\Documents\Elecomp Indonesia\GESID\gesid_portal (2)\gesid.id\system\CodeIgniter.php(354): CodeIgniter\CodeIgniter->handleRequest(NULL, Object(Config\Cache), false)
#10 C:\Users\USER\Documents\Elecomp Indonesia\GESID\gesid_portal (2)\gesid.id\system\Boot.php(334): CodeIgniter\CodeIgniter->run()
#11 C:\Users\USER\Documents\Elecomp Indonesia\GESID\gesid_portal (2)\gesid.id\system\Boot.php(67): CodeIgniter\Boot::runCodeIgniter(Object(CodeIgniter\CodeIgniter))
#12 C:\Users\USER\Documents\Elecomp Indonesia\GESID\gesid_portal (2)\gesid.id\public\index.php(59): CodeIgniter\Boot::bootWeb(Object(Config\Paths))
#13 C:\Users\USER\Documents\Elecomp Indonesia\GESID\gesid_portal (2)\gesid.id\system\rewrite.php(44): require_once('C:\\Users\\USER\\D...')
#14 {main}
CRITICAL - 2025-10-06 06:04:20 --> CodeIgniter\Database\Exceptions\DatabaseException: Unknown table 'db_gesid.members'
[Method: GET, Route: member/downloadCard]
in SYSTEMPATH\Database\BaseConnection.php on line 692.
 1 SYSTEMPATH\Database\BaseBuilder.php(1649): CodeIgniter\Database\BaseConnection->query('SELECT `members`.*, `provinsi`.`nama_provinsi`, `kota`.`nama_kota`, `desa`.`nama_desa`
FROM `tb_members`
LEFT JOIN `tb_provinsi` AS `provinsi` ON `provinsi`.`id_provinsi` = `members`.`id_provinsi`
LEFT JOIN `tb_kota_kabupaten` AS `kota` ON `kota`.`id_kota` = `members`.`id_kota`
LEFT JOIN `tb_desa_kelurahan` AS `desa` ON `desa`.`id_desa_kelurahan` = `members`.`id_desa`
WHERE `members`.`id` = :members.id:
 LIMIT 1', [...], false)
 2 SYSTEMPATH\Model.php(330): CodeIgniter\Database\BaseBuilder->get()
 3 SYSTEMPATH\BaseModel.php(717): CodeIgniter\Model->doFirst()
 4 APPPATH\Controllers\MemberController.php(265): CodeIgniter\BaseModel->first()
 5 SYSTEMPATH\CodeIgniter.php(933): App\Controllers\MemberController->downloadCard()
 6 SYSTEMPATH\CodeIgniter.php(507): CodeIgniter\CodeIgniter->runController(Object(App\Controllers\MemberController))
 7 SYSTEMPATH\CodeIgniter.php(354): CodeIgniter\CodeIgniter->handleRequest(null, Object(Config\Cache), false)
 8 SYSTEMPATH\Boot.php(334): CodeIgniter\CodeIgniter->run()
 9 SYSTEMPATH\Boot.php(67): CodeIgniter\Boot::runCodeIgniter(Object(CodeIgniter\CodeIgniter))
10 FCPATH\index.php(59): CodeIgniter\Boot::bootWeb(Object(Config\Paths))
11 SYSTEMPATH\rewrite.php(44): require_once('C:\\Users\\USER\\Documents\\Elecomp Indonesia\\GESID\\gesid_portal (2)\\gesid.id\\public\\index.php')
CRITICAL - 2025-10-06 06:04:20 --> [Caused by] CodeIgniter\Database\Exceptions\DatabaseException: Unknown table 'db_gesid.members'
in SYSTEMPATH\Database\MySQLi\Connection.php on line 332.
 1 SYSTEMPATH\Database\BaseConnection.php(738): CodeIgniter\Database\MySQLi\Connection->execute('SELECT `members`.*, `provinsi`.`nama_provinsi`, `kota`.`nama_kota`, `desa`.`nama_desa`
FROM `tb_members`
LEFT JOIN `tb_provinsi` AS `provinsi` ON `provinsi`.`id_provinsi` = `members`.`id_provinsi`
LEFT JOIN `tb_kota_kabupaten` AS `kota` ON `kota`.`id_kota` = `members`.`id_kota`
LEFT JOIN `tb_desa_kelurahan` AS `desa` ON `desa`.`id_desa_kelurahan` = `members`.`id_desa`
WHERE `members`.`id` = \'16\'
 LIMIT 1')
 2 SYSTEMPATH\Database\BaseConnection.php(652): CodeIgniter\Database\BaseConnection->simpleQuery('SELECT `members`.*, `provinsi`.`nama_provinsi`, `kota`.`nama_kota`, `desa`.`nama_desa`
FROM `tb_members`
LEFT JOIN `tb_provinsi` AS `provinsi` ON `provinsi`.`id_provinsi` = `members`.`id_provinsi`
LEFT JOIN `tb_kota_kabupaten` AS `kota` ON `kota`.`id_kota` = `members`.`id_kota`
LEFT JOIN `tb_desa_kelurahan` AS `desa` ON `desa`.`id_desa_kelurahan` = `members`.`id_desa`
WHERE `members`.`id` = \'16\'
 LIMIT 1')
 3 SYSTEMPATH\Database\BaseBuilder.php(1649): CodeIgniter\Database\BaseConnection->query('SELECT `members`.*, `provinsi`.`nama_provinsi`, `kota`.`nama_kota`, `desa`.`nama_desa`
FROM `tb_members`
LEFT JOIN `tb_provinsi` AS `provinsi` ON `provinsi`.`id_provinsi` = `members`.`id_provinsi`
LEFT JOIN `tb_kota_kabupaten` AS `kota` ON `kota`.`id_kota` = `members`.`id_kota`
LEFT JOIN `tb_desa_kelurahan` AS `desa` ON `desa`.`id_desa_kelurahan` = `members`.`id_desa`
WHERE `members`.`id` = :members.id:
 LIMIT 1', [...], false)
 4 SYSTEMPATH\Model.php(330): CodeIgniter\Database\BaseBuilder->get()
 5 SYSTEMPATH\BaseModel.php(717): CodeIgniter\Model->doFirst()
 6 APPPATH\Controllers\MemberController.php(265): CodeIgniter\BaseModel->first()
 7 SYSTEMPATH\CodeIgniter.php(933): App\Controllers\MemberController->downloadCard()
 8 SYSTEMPATH\CodeIgniter.php(507): CodeIgniter\CodeIgniter->runController(Object(App\Controllers\MemberController))
 9 SYSTEMPATH\CodeIgniter.php(354): CodeIgniter\CodeIgniter->handleRequest(null, Object(Config\Cache), false)
10 SYSTEMPATH\Boot.php(334): CodeIgniter\CodeIgniter->run()
11 SYSTEMPATH\Boot.php(67): CodeIgniter\Boot::runCodeIgniter(Object(CodeIgniter\CodeIgniter))
12 FCPATH\index.php(59): CodeIgniter\Boot::bootWeb(Object(Config\Paths))
13 SYSTEMPATH\rewrite.php(44): require_once('C:\\Users\\USER\\Documents\\Elecomp Indonesia\\GESID\\gesid_portal (2)\\gesid.id\\public\\index.php')
CRITICAL - 2025-10-06 06:04:20 --> [Caused by] mysqli_sql_exception: Unknown table 'db_gesid.members'
in SYSTEMPATH\Database\MySQLi\Connection.php on line 327.
 1 SYSTEMPATH\Database\MySQLi\Connection.php(327): mysqli->query('SELECT `members`.*, `provinsi`.`nama_provinsi`, `kota`.`nama_kota`, `desa`.`nama_desa`
FROM `tb_members`
LEFT JOIN `tb_provinsi` AS `provinsi` ON `provinsi`.`id_provinsi` = `members`.`id_provinsi`
LEFT JOIN `tb_kota_kabupaten` AS `kota` ON `kota`.`id_kota` = `members`.`id_kota`
LEFT JOIN `tb_desa_kelurahan` AS `desa` ON `desa`.`id_desa_kelurahan` = `members`.`id_desa`
WHERE `members`.`id` = \'16\'
 LIMIT 1', 0)
 2 SYSTEMPATH\Database\BaseConnection.php(738): CodeIgniter\Database\MySQLi\Connection->execute('SELECT `members`.*, `provinsi`.`nama_provinsi`, `kota`.`nama_kota`, `desa`.`nama_desa`
FROM `tb_members`
LEFT JOIN `tb_provinsi` AS `provinsi` ON `provinsi`.`id_provinsi` = `members`.`id_provinsi`
LEFT JOIN `tb_kota_kabupaten` AS `kota` ON `kota`.`id_kota` = `members`.`id_kota`
LEFT JOIN `tb_desa_kelurahan` AS `desa` ON `desa`.`id_desa_kelurahan` = `members`.`id_desa`
WHERE `members`.`id` = \'16\'
 LIMIT 1')
 3 SYSTEMPATH\Database\BaseConnection.php(652): CodeIgniter\Database\BaseConnection->simpleQuery('SELECT `members`.*, `provinsi`.`nama_provinsi`, `kota`.`nama_kota`, `desa`.`nama_desa`
FROM `tb_members`
LEFT JOIN `tb_provinsi` AS `provinsi` ON `provinsi`.`id_provinsi` = `members`.`id_provinsi`
LEFT JOIN `tb_kota_kabupaten` AS `kota` ON `kota`.`id_kota` = `members`.`id_kota`
LEFT JOIN `tb_desa_kelurahan` AS `desa` ON `desa`.`id_desa_kelurahan` = `members`.`id_desa`
WHERE `members`.`id` = \'16\'
 LIMIT 1')
 4 SYSTEMPATH\Database\BaseBuilder.php(1649): CodeIgniter\Database\BaseConnection->query('SELECT `members`.*, `provinsi`.`nama_provinsi`, `kota`.`nama_kota`, `desa`.`nama_desa`
FROM `tb_members`
LEFT JOIN `tb_provinsi` AS `provinsi` ON `provinsi`.`id_provinsi` = `members`.`id_provinsi`
LEFT JOIN `tb_kota_kabupaten` AS `kota` ON `kota`.`id_kota` = `members`.`id_kota`
LEFT JOIN `tb_desa_kelurahan` AS `desa` ON `desa`.`id_desa_kelurahan` = `members`.`id_desa`
WHERE `members`.`id` = :members.id:
 LIMIT 1', [...], false)
 5 SYSTEMPATH\Model.php(330): CodeIgniter\Database\BaseBuilder->get()
 6 SYSTEMPATH\BaseModel.php(717): CodeIgniter\Model->doFirst()
 7 APPPATH\Controllers\MemberController.php(265): CodeIgniter\BaseModel->first()
 8 SYSTEMPATH\CodeIgniter.php(933): App\Controllers\MemberController->downloadCard()
 9 SYSTEMPATH\CodeIgniter.php(507): CodeIgniter\CodeIgniter->runController(Object(App\Controllers\MemberController))
10 SYSTEMPATH\CodeIgniter.php(354): CodeIgniter\CodeIgniter->handleRequest(null, Object(Config\Cache), false)
11 SYSTEMPATH\Boot.php(334): CodeIgniter\CodeIgniter->run()
12 SYSTEMPATH\Boot.php(67): CodeIgniter\Boot::runCodeIgniter(Object(CodeIgniter\CodeIgniter))
13 FCPATH\index.php(59): CodeIgniter\Boot::bootWeb(Object(Config\Paths))
14 SYSTEMPATH\rewrite.php(44): require_once('C:\\Users\\USER\\Documents\\Elecomp Indonesia\\GESID\\gesid_portal (2)\\gesid.id\\public\\index.php')
DEBUG - 2025-10-06 06:05:02 --> Session: Class initialized using 'CodeIgniter\Session\Handlers\FileHandler' driver.
DEBUG - 2025-10-06 06:05:03 --> Session: Class initialized using 'CodeIgniter\Session\Handlers\FileHandler' driver.
ERROR - 2025-10-06 06:05:03 --> mysqli_sql_exception: Unknown column 'tb_provinsi.nama_provinsi' in 'field list' in C:\Users\USER\Documents\Elecomp Indonesia\GESID\gesid_portal (2)\gesid.id\system\Database\MySQLi\Connection.php:327
Stack trace:
#0 C:\Users\USER\Documents\Elecomp Indonesia\GESID\gesid_portal (2)\gesid.id\system\Database\MySQLi\Connection.php(327): mysqli->query('SELECT `tb_memb...', 0)
#1 C:\Users\USER\Documents\Elecomp Indonesia\GESID\gesid_portal (2)\gesid.id\system\Database\BaseConnection.php(738): CodeIgniter\Database\MySQLi\Connection->execute('SELECT `tb_memb...')
#2 C:\Users\USER\Documents\Elecomp Indonesia\GESID\gesid_portal (2)\gesid.id\system\Database\BaseConnection.php(652): CodeIgniter\Database\BaseConnection->simpleQuery('SELECT `tb_memb...')
#3 C:\Users\USER\Documents\Elecomp Indonesia\GESID\gesid_portal (2)\gesid.id\system\Database\BaseBuilder.php(1649): CodeIgniter\Database\BaseConnection->query('SELECT `tb_memb...', Array, false)
#4 C:\Users\USER\Documents\Elecomp Indonesia\GESID\gesid_portal (2)\gesid.id\system\Model.php(330): CodeIgniter\Database\BaseBuilder->get()
#5 C:\Users\USER\Documents\Elecomp Indonesia\GESID\gesid_portal (2)\gesid.id\system\BaseModel.php(717): CodeIgniter\Model->doFirst()
#6 C:\Users\USER\Documents\Elecomp Indonesia\GESID\gesid_portal (2)\gesid.id\app\Controllers\MemberController.php(265): CodeIgniter\BaseModel->first()
#7 C:\Users\USER\Documents\Elecomp Indonesia\GESID\gesid_portal (2)\gesid.id\system\CodeIgniter.php(933): App\Controllers\MemberController->downloadCard()
#8 C:\Users\USER\Documents\Elecomp Indonesia\GESID\gesid_portal (2)\gesid.id\system\CodeIgniter.php(507): CodeIgniter\CodeIgniter->runController(Object(App\Controllers\MemberController))
#9 C:\Users\USER\Documents\Elecomp Indonesia\GESID\gesid_portal (2)\gesid.id\system\CodeIgniter.php(354): CodeIgniter\CodeIgniter->handleRequest(NULL, Object(Config\Cache), false)
#10 C:\Users\USER\Documents\Elecomp Indonesia\GESID\gesid_portal (2)\gesid.id\system\Boot.php(334): CodeIgniter\CodeIgniter->run()
#11 C:\Users\USER\Documents\Elecomp Indonesia\GESID\gesid_portal (2)\gesid.id\system\Boot.php(67): CodeIgniter\Boot::runCodeIgniter(Object(CodeIgniter\CodeIgniter))
#12 C:\Users\USER\Documents\Elecomp Indonesia\GESID\gesid_portal (2)\gesid.id\public\index.php(59): CodeIgniter\Boot::bootWeb(Object(Config\Paths))
#13 C:\Users\USER\Documents\Elecomp Indonesia\GESID\gesid_portal (2)\gesid.id\system\rewrite.php(44): require_once('C:\\Users\\USER\\D...')
#14 {main}
CRITICAL - 2025-10-06 06:05:03 --> CodeIgniter\Database\Exceptions\DatabaseException: Unknown column 'tb_provinsi.nama_provinsi' in 'field list'
[Method: GET, Route: member/downloadCard]
in SYSTEMPATH\Database\BaseConnection.php on line 692.
 1 SYSTEMPATH\Database\BaseBuilder.php(1649): CodeIgniter\Database\BaseConnection->query('SELECT `tb_members`.*, `tb_provinsi`.`nama_provinsi`, `tb_kota_kabupaten`.`nama_kota`, `tb_desa_kelurahan`.`nama_desa`
FROM `tb_members`
LEFT JOIN `tb_provinsi` AS `provinsi` ON `provinsi`.`id_provinsi` = `members`.`id_provinsi`
LEFT JOIN `tb_kota_kabupaten` AS `kota` ON `kota`.`id_kota` = `members`.`id_kota`
LEFT JOIN `tb_desa_kelurahan` AS `desa` ON `desa`.`id_desa_kelurahan` = `members`.`id_desa`
WHERE `members`.`id` = :members.id:
 LIMIT 1', [...], false)
 2 SYSTEMPATH\Model.php(330): CodeIgniter\Database\BaseBuilder->get()
 3 SYSTEMPATH\BaseModel.php(717): CodeIgniter\Model->doFirst()
 4 APPPATH\Controllers\MemberController.php(265): CodeIgniter\BaseModel->first()
 5 SYSTEMPATH\CodeIgniter.php(933): App\Controllers\MemberController->downloadCard()
 6 SYSTEMPATH\CodeIgniter.php(507): CodeIgniter\CodeIgniter->runController(Object(App\Controllers\MemberController))
 7 SYSTEMPATH\CodeIgniter.php(354): CodeIgniter\CodeIgniter->handleRequest(null, Object(Config\Cache), false)
 8 SYSTEMPATH\Boot.php(334): CodeIgniter\CodeIgniter->run()
 9 SYSTEMPATH\Boot.php(67): CodeIgniter\Boot::runCodeIgniter(Object(CodeIgniter\CodeIgniter))
10 FCPATH\index.php(59): CodeIgniter\Boot::bootWeb(Object(Config\Paths))
11 SYSTEMPATH\rewrite.php(44): require_once('C:\\Users\\USER\\Documents\\Elecomp Indonesia\\GESID\\gesid_portal (2)\\gesid.id\\public\\index.php')
CRITICAL - 2025-10-06 06:05:03 --> [Caused by] CodeIgniter\Database\Exceptions\DatabaseException: Unknown column 'tb_provinsi.nama_provinsi' in 'field list'
in SYSTEMPATH\Database\MySQLi\Connection.php on line 332.
 1 SYSTEMPATH\Database\BaseConnection.php(738): CodeIgniter\Database\MySQLi\Connection->execute('SELECT `tb_members`.*, `tb_provinsi`.`nama_provinsi`, `tb_kota_kabupaten`.`nama_kota`, `tb_desa_kelurahan`.`nama_desa`
FROM `tb_members`
LEFT JOIN `tb_provinsi` AS `provinsi` ON `provinsi`.`id_provinsi` = `members`.`id_provinsi`
LEFT JOIN `tb_kota_kabupaten` AS `kota` ON `kota`.`id_kota` = `members`.`id_kota`
LEFT JOIN `tb_desa_kelurahan` AS `desa` ON `desa`.`id_desa_kelurahan` = `members`.`id_desa`
WHERE `members`.`id` = \'16\'
 LIMIT 1')
 2 SYSTEMPATH\Database\BaseConnection.php(652): CodeIgniter\Database\BaseConnection->simpleQuery('SELECT `tb_members`.*, `tb_provinsi`.`nama_provinsi`, `tb_kota_kabupaten`.`nama_kota`, `tb_desa_kelurahan`.`nama_desa`
FROM `tb_members`
LEFT JOIN `tb_provinsi` AS `provinsi` ON `provinsi`.`id_provinsi` = `members`.`id_provinsi`
LEFT JOIN `tb_kota_kabupaten` AS `kota` ON `kota`.`id_kota` = `members`.`id_kota`
LEFT JOIN `tb_desa_kelurahan` AS `desa` ON `desa`.`id_desa_kelurahan` = `members`.`id_desa`
WHERE `members`.`id` = \'16\'
 LIMIT 1')
 3 SYSTEMPATH\Database\BaseBuilder.php(1649): CodeIgniter\Database\BaseConnection->query('SELECT `tb_members`.*, `tb_provinsi`.`nama_provinsi`, `tb_kota_kabupaten`.`nama_kota`, `tb_desa_kelurahan`.`nama_desa`
FROM `tb_members`
LEFT JOIN `tb_provinsi` AS `provinsi` ON `provinsi`.`id_provinsi` = `members`.`id_provinsi`
LEFT JOIN `tb_kota_kabupaten` AS `kota` ON `kota`.`id_kota` = `members`.`id_kota`
LEFT JOIN `tb_desa_kelurahan` AS `desa` ON `desa`.`id_desa_kelurahan` = `members`.`id_desa`
WHERE `members`.`id` = :members.id:
 LIMIT 1', [...], false)
 4 SYSTEMPATH\Model.php(330): CodeIgniter\Database\BaseBuilder->get()
 5 SYSTEMPATH\BaseModel.php(717): CodeIgniter\Model->doFirst()
 6 APPPATH\Controllers\MemberController.php(265): CodeIgniter\BaseModel->first()
 7 SYSTEMPATH\CodeIgniter.php(933): App\Controllers\MemberController->downloadCard()
 8 SYSTEMPATH\CodeIgniter.php(507): CodeIgniter\CodeIgniter->runController(Object(App\Controllers\MemberController))
 9 SYSTEMPATH\CodeIgniter.php(354): CodeIgniter\CodeIgniter->handleRequest(null, Object(Config\Cache), false)
10 SYSTEMPATH\Boot.php(334): CodeIgniter\CodeIgniter->run()
11 SYSTEMPATH\Boot.php(67): CodeIgniter\Boot::runCodeIgniter(Object(CodeIgniter\CodeIgniter))
12 FCPATH\index.php(59): CodeIgniter\Boot::bootWeb(Object(Config\Paths))
13 SYSTEMPATH\rewrite.php(44): require_once('C:\\Users\\USER\\Documents\\Elecomp Indonesia\\GESID\\gesid_portal (2)\\gesid.id\\public\\index.php')
CRITICAL - 2025-10-06 06:05:03 --> [Caused by] mysqli_sql_exception: Unknown column 'tb_provinsi.nama_provinsi' in 'field list'
in SYSTEMPATH\Database\MySQLi\Connection.php on line 327.
 1 SYSTEMPATH\Database\MySQLi\Connection.php(327): mysqli->query('SELECT `tb_members`.*, `tb_provinsi`.`nama_provinsi`, `tb_kota_kabupaten`.`nama_kota`, `tb_desa_kelurahan`.`nama_desa`
FROM `tb_members`
LEFT JOIN `tb_provinsi` AS `provinsi` ON `provinsi`.`id_provinsi` = `members`.`id_provinsi`
LEFT JOIN `tb_kota_kabupaten` AS `kota` ON `kota`.`id_kota` = `members`.`id_kota`
LEFT JOIN `tb_desa_kelurahan` AS `desa` ON `desa`.`id_desa_kelurahan` = `members`.`id_desa`
WHERE `members`.`id` = \'16\'
 LIMIT 1', 0)
 2 SYSTEMPATH\Database\BaseConnection.php(738): CodeIgniter\Database\MySQLi\Connection->execute('SELECT `tb_members`.*, `tb_provinsi`.`nama_provinsi`, `tb_kota_kabupaten`.`nama_kota`, `tb_desa_kelurahan`.`nama_desa`
FROM `tb_members`
LEFT JOIN `tb_provinsi` AS `provinsi` ON `provinsi`.`id_provinsi` = `members`.`id_provinsi`
LEFT JOIN `tb_kota_kabupaten` AS `kota` ON `kota`.`id_kota` = `members`.`id_kota`
LEFT JOIN `tb_desa_kelurahan` AS `desa` ON `desa`.`id_desa_kelurahan` = `members`.`id_desa`
WHERE `members`.`id` = \'16\'
 LIMIT 1')
 3 SYSTEMPATH\Database\BaseConnection.php(652): CodeIgniter\Database\BaseConnection->simpleQuery('SELECT `tb_members`.*, `tb_provinsi`.`nama_provinsi`, `tb_kota_kabupaten`.`nama_kota`, `tb_desa_kelurahan`.`nama_desa`
FROM `tb_members`
LEFT JOIN `tb_provinsi` AS `provinsi` ON `provinsi`.`id_provinsi` = `members`.`id_provinsi`
LEFT JOIN `tb_kota_kabupaten` AS `kota` ON `kota`.`id_kota` = `members`.`id_kota`
LEFT JOIN `tb_desa_kelurahan` AS `desa` ON `desa`.`id_desa_kelurahan` = `members`.`id_desa`
WHERE `members`.`id` = \'16\'
 LIMIT 1')
 4 SYSTEMPATH\Database\BaseBuilder.php(1649): CodeIgniter\Database\BaseConnection->query('SELECT `tb_members`.*, `tb_provinsi`.`nama_provinsi`, `tb_kota_kabupaten`.`nama_kota`, `tb_desa_kelurahan`.`nama_desa`
FROM `tb_members`
LEFT JOIN `tb_provinsi` AS `provinsi` ON `provinsi`.`id_provinsi` = `members`.`id_provinsi`
LEFT JOIN `tb_kota_kabupaten` AS `kota` ON `kota`.`id_kota` = `members`.`id_kota`
LEFT JOIN `tb_desa_kelurahan` AS `desa` ON `desa`.`id_desa_kelurahan` = `members`.`id_desa`
WHERE `members`.`id` = :members.id:
 LIMIT 1', [...], false)
 5 SYSTEMPATH\Model.php(330): CodeIgniter\Database\BaseBuilder->get()
 6 SYSTEMPATH\BaseModel.php(717): CodeIgniter\Model->doFirst()
 7 APPPATH\Controllers\MemberController.php(265): CodeIgniter\BaseModel->first()
 8 SYSTEMPATH\CodeIgniter.php(933): App\Controllers\MemberController->downloadCard()
 9 SYSTEMPATH\CodeIgniter.php(507): CodeIgniter\CodeIgniter->runController(Object(App\Controllers\MemberController))
10 SYSTEMPATH\CodeIgniter.php(354): CodeIgniter\CodeIgniter->handleRequest(null, Object(Config\Cache), false)
11 SYSTEMPATH\Boot.php(334): CodeIgniter\CodeIgniter->run()
12 SYSTEMPATH\Boot.php(67): CodeIgniter\Boot::runCodeIgniter(Object(CodeIgniter\CodeIgniter))
13 FCPATH\index.php(59): CodeIgniter\Boot::bootWeb(Object(Config\Paths))
14 SYSTEMPATH\rewrite.php(44): require_once('C:\\Users\\USER\\Documents\\Elecomp Indonesia\\GESID\\gesid_portal (2)\\gesid.id\\public\\index.php')
DEBUG - 2025-10-06 06:05:17 --> Session: Class initialized using 'CodeIgniter\Session\Handlers\FileHandler' driver.
ERROR - 2025-10-06 06:05:17 --> mysqli_sql_exception: Unknown table 'db_gesid.members' in C:\Users\USER\Documents\Elecomp Indonesia\GESID\gesid_portal (2)\gesid.id\system\Database\MySQLi\Connection.php:327
Stack trace:
#0 C:\Users\USER\Documents\Elecomp Indonesia\GESID\gesid_portal (2)\gesid.id\system\Database\MySQLi\Connection.php(327): mysqli->query('SELECT `members...', 0)
#1 C:\Users\USER\Documents\Elecomp Indonesia\GESID\gesid_portal (2)\gesid.id\system\Database\BaseConnection.php(738): CodeIgniter\Database\MySQLi\Connection->execute('SELECT `members...')
#2 C:\Users\USER\Documents\Elecomp Indonesia\GESID\gesid_portal (2)\gesid.id\system\Database\BaseConnection.php(652): CodeIgniter\Database\BaseConnection->simpleQuery('SELECT `members...')
#3 C:\Users\USER\Documents\Elecomp Indonesia\GESID\gesid_portal (2)\gesid.id\system\Database\BaseBuilder.php(1649): CodeIgniter\Database\BaseConnection->query('SELECT `members...', Array, false)
#4 C:\Users\USER\Documents\Elecomp Indonesia\GESID\gesid_portal (2)\gesid.id\system\Model.php(330): CodeIgniter\Database\BaseBuilder->get()
#5 C:\Users\USER\Documents\Elecomp Indonesia\GESID\gesid_portal (2)\gesid.id\system\BaseModel.php(717): CodeIgniter\Model->doFirst()
#6 C:\Users\USER\Documents\Elecomp Indonesia\GESID\gesid_portal (2)\gesid.id\app\Controllers\MemberController.php(265): CodeIgniter\BaseModel->first()
#7 C:\Users\USER\Documents\Elecomp Indonesia\GESID\gesid_portal (2)\gesid.id\system\CodeIgniter.php(933): App\Controllers\MemberController->downloadCard()
#8 C:\Users\USER\Documents\Elecomp Indonesia\GESID\gesid_portal (2)\gesid.id\system\CodeIgniter.php(507): CodeIgniter\CodeIgniter->runController(Object(App\Controllers\MemberController))
#9 C:\Users\USER\Documents\Elecomp Indonesia\GESID\gesid_portal (2)\gesid.id\system\CodeIgniter.php(354): CodeIgniter\CodeIgniter->handleRequest(NULL, Object(Config\Cache), false)
#10 C:\Users\USER\Documents\Elecomp Indonesia\GESID\gesid_portal (2)\gesid.id\system\Boot.php(334): CodeIgniter\CodeIgniter->run()
#11 C:\Users\USER\Documents\Elecomp Indonesia\GESID\gesid_portal (2)\gesid.id\system\Boot.php(67): CodeIgniter\Boot::runCodeIgniter(Object(CodeIgniter\CodeIgniter))
#12 C:\Users\USER\Documents\Elecomp Indonesia\GESID\gesid_portal (2)\gesid.id\public\index.php(59): CodeIgniter\Boot::bootWeb(Object(Config\Paths))
#13 C:\Users\USER\Documents\Elecomp Indonesia\GESID\gesid_portal (2)\gesid.id\system\rewrite.php(44): require_once('C:\\Users\\USER\\D...')
#14 {main}
CRITICAL - 2025-10-06 06:05:17 --> CodeIgniter\Database\Exceptions\DatabaseException: Unknown table 'db_gesid.members'
[Method: GET, Route: member/downloadCard]
in SYSTEMPATH\Database\BaseConnection.php on line 692.
 1 SYSTEMPATH\Database\BaseBuilder.php(1649): CodeIgniter\Database\BaseConnection->query('SELECT `members`.*, `provinsi`.`nama_provinsi`, `kota`.`nama_kota`, `desa`.`nama_desa`
FROM `tb_members`
LEFT JOIN `tb_provinsi` AS `provinsi` ON `provinsi`.`id_provinsi` = `members`.`id_provinsi`
LEFT JOIN `tb_kota_kabupaten` AS `kota` ON `kota`.`id_kota` = `members`.`id_kota`
LEFT JOIN `tb_desa_kelurahan` AS `desa` ON `desa`.`id_desa_kelurahan` = `members`.`id_desa`
WHERE `members`.`id` = :members.id:
 LIMIT 1', [...], false)
 2 SYSTEMPATH\Model.php(330): CodeIgniter\Database\BaseBuilder->get()
 3 SYSTEMPATH\BaseModel.php(717): CodeIgniter\Model->doFirst()
 4 APPPATH\Controllers\MemberController.php(265): CodeIgniter\BaseModel->first()
 5 SYSTEMPATH\CodeIgniter.php(933): App\Controllers\MemberController->downloadCard()
 6 SYSTEMPATH\CodeIgniter.php(507): CodeIgniter\CodeIgniter->runController(Object(App\Controllers\MemberController))
 7 SYSTEMPATH\CodeIgniter.php(354): CodeIgniter\CodeIgniter->handleRequest(null, Object(Config\Cache), false)
 8 SYSTEMPATH\Boot.php(334): CodeIgniter\CodeIgniter->run()
 9 SYSTEMPATH\Boot.php(67): CodeIgniter\Boot::runCodeIgniter(Object(CodeIgniter\CodeIgniter))
10 FCPATH\index.php(59): CodeIgniter\Boot::bootWeb(Object(Config\Paths))
11 SYSTEMPATH\rewrite.php(44): require_once('C:\\Users\\USER\\Documents\\Elecomp Indonesia\\GESID\\gesid_portal (2)\\gesid.id\\public\\index.php')
CRITICAL - 2025-10-06 06:05:17 --> [Caused by] CodeIgniter\Database\Exceptions\DatabaseException: Unknown table 'db_gesid.members'
in SYSTEMPATH\Database\MySQLi\Connection.php on line 332.
 1 SYSTEMPATH\Database\BaseConnection.php(738): CodeIgniter\Database\MySQLi\Connection->execute('SELECT `members`.*, `provinsi`.`nama_provinsi`, `kota`.`nama_kota`, `desa`.`nama_desa`
FROM `tb_members`
LEFT JOIN `tb_provinsi` AS `provinsi` ON `provinsi`.`id_provinsi` = `members`.`id_provinsi`
LEFT JOIN `tb_kota_kabupaten` AS `kota` ON `kota`.`id_kota` = `members`.`id_kota`
LEFT JOIN `tb_desa_kelurahan` AS `desa` ON `desa`.`id_desa_kelurahan` = `members`.`id_desa`
WHERE `members`.`id` = \'16\'
 LIMIT 1')
 2 SYSTEMPATH\Database\BaseConnection.php(652): CodeIgniter\Database\BaseConnection->simpleQuery('SELECT `members`.*, `provinsi`.`nama_provinsi`, `kota`.`nama_kota`, `desa`.`nama_desa`
FROM `tb_members`
LEFT JOIN `tb_provinsi` AS `provinsi` ON `provinsi`.`id_provinsi` = `members`.`id_provinsi`
LEFT JOIN `tb_kota_kabupaten` AS `kota` ON `kota`.`id_kota` = `members`.`id_kota`
LEFT JOIN `tb_desa_kelurahan` AS `desa` ON `desa`.`id_desa_kelurahan` = `members`.`id_desa`
WHERE `members`.`id` = \'16\'
 LIMIT 1')
 3 SYSTEMPATH\Database\BaseBuilder.php(1649): CodeIgniter\Database\BaseConnection->query('SELECT `members`.*, `provinsi`.`nama_provinsi`, `kota`.`nama_kota`, `desa`.`nama_desa`
FROM `tb_members`
LEFT JOIN `tb_provinsi` AS `provinsi` ON `provinsi`.`id_provinsi` = `members`.`id_provinsi`
LEFT JOIN `tb_kota_kabupaten` AS `kota` ON `kota`.`id_kota` = `members`.`id_kota`
LEFT JOIN `tb_desa_kelurahan` AS `desa` ON `desa`.`id_desa_kelurahan` = `members`.`id_desa`
WHERE `members`.`id` = :members.id:
 LIMIT 1', [...], false)
 4 SYSTEMPATH\Model.php(330): CodeIgniter\Database\BaseBuilder->get()
 5 SYSTEMPATH\BaseModel.php(717): CodeIgniter\Model->doFirst()
 6 APPPATH\Controllers\MemberController.php(265): CodeIgniter\BaseModel->first()
 7 SYSTEMPATH\CodeIgniter.php(933): App\Controllers\MemberController->downloadCard()
 8 SYSTEMPATH\CodeIgniter.php(507): CodeIgniter\CodeIgniter->runController(Object(App\Controllers\MemberController))
 9 SYSTEMPATH\CodeIgniter.php(354): CodeIgniter\CodeIgniter->handleRequest(null, Object(Config\Cache), false)
10 SYSTEMPATH\Boot.php(334): CodeIgniter\CodeIgniter->run()
11 SYSTEMPATH\Boot.php(67): CodeIgniter\Boot::runCodeIgniter(Object(CodeIgniter\CodeIgniter))
12 FCPATH\index.php(59): CodeIgniter\Boot::bootWeb(Object(Config\Paths))
13 SYSTEMPATH\rewrite.php(44): require_once('C:\\Users\\USER\\Documents\\Elecomp Indonesia\\GESID\\gesid_portal (2)\\gesid.id\\public\\index.php')
CRITICAL - 2025-10-06 06:05:17 --> [Caused by] mysqli_sql_exception: Unknown table 'db_gesid.members'
in SYSTEMPATH\Database\MySQLi\Connection.php on line 327.
 1 SYSTEMPATH\Database\MySQLi\Connection.php(327): mysqli->query('SELECT `members`.*, `provinsi`.`nama_provinsi`, `kota`.`nama_kota`, `desa`.`nama_desa`
FROM `tb_members`
LEFT JOIN `tb_provinsi` AS `provinsi` ON `provinsi`.`id_provinsi` = `members`.`id_provinsi`
LEFT JOIN `tb_kota_kabupaten` AS `kota` ON `kota`.`id_kota` = `members`.`id_kota`
LEFT JOIN `tb_desa_kelurahan` AS `desa` ON `desa`.`id_desa_kelurahan` = `members`.`id_desa`
WHERE `members`.`id` = \'16\'
 LIMIT 1', 0)
 2 SYSTEMPATH\Database\BaseConnection.php(738): CodeIgniter\Database\MySQLi\Connection->execute('SELECT `members`.*, `provinsi`.`nama_provinsi`, `kota`.`nama_kota`, `desa`.`nama_desa`
FROM `tb_members`
LEFT JOIN `tb_provinsi` AS `provinsi` ON `provinsi`.`id_provinsi` = `members`.`id_provinsi`
LEFT JOIN `tb_kota_kabupaten` AS `kota` ON `kota`.`id_kota` = `members`.`id_kota`
LEFT JOIN `tb_desa_kelurahan` AS `desa` ON `desa`.`id_desa_kelurahan` = `members`.`id_desa`
WHERE `members`.`id` = \'16\'
 LIMIT 1')
 3 SYSTEMPATH\Database\BaseConnection.php(652): CodeIgniter\Database\BaseConnection->simpleQuery('SELECT `members`.*, `provinsi`.`nama_provinsi`, `kota`.`nama_kota`, `desa`.`nama_desa`
FROM `tb_members`
LEFT JOIN `tb_provinsi` AS `provinsi` ON `provinsi`.`id_provinsi` = `members`.`id_provinsi`
LEFT JOIN `tb_kota_kabupaten` AS `kota` ON `kota`.`id_kota` = `members`.`id_kota`
LEFT JOIN `tb_desa_kelurahan` AS `desa` ON `desa`.`id_desa_kelurahan` = `members`.`id_desa`
WHERE `members`.`id` = \'16\'
 LIMIT 1')
 4 SYSTEMPATH\Database\BaseBuilder.php(1649): CodeIgniter\Database\BaseConnection->query('SELECT `members`.*, `provinsi`.`nama_provinsi`, `kota`.`nama_kota`, `desa`.`nama_desa`
FROM `tb_members`
LEFT JOIN `tb_provinsi` AS `provinsi` ON `provinsi`.`id_provinsi` = `members`.`id_provinsi`
LEFT JOIN `tb_kota_kabupaten` AS `kota` ON `kota`.`id_kota` = `members`.`id_kota`
LEFT JOIN `tb_desa_kelurahan` AS `desa` ON `desa`.`id_desa_kelurahan` = `members`.`id_desa`
WHERE `members`.`id` = :members.id:
 LIMIT 1', [...], false)
 5 SYSTEMPATH\Model.php(330): CodeIgniter\Database\BaseBuilder->get()
 6 SYSTEMPATH\BaseModel.php(717): CodeIgniter\Model->doFirst()
 7 APPPATH\Controllers\MemberController.php(265): CodeIgniter\BaseModel->first()
 8 SYSTEMPATH\CodeIgniter.php(933): App\Controllers\MemberController->downloadCard()
 9 SYSTEMPATH\CodeIgniter.php(507): CodeIgniter\CodeIgniter->runController(Object(App\Controllers\MemberController))
10 SYSTEMPATH\CodeIgniter.php(354): CodeIgniter\CodeIgniter->handleRequest(null, Object(Config\Cache), false)
11 SYSTEMPATH\Boot.php(334): CodeIgniter\CodeIgniter->run()
12 SYSTEMPATH\Boot.php(67): CodeIgniter\Boot::runCodeIgniter(Object(CodeIgniter\CodeIgniter))
13 FCPATH\index.php(59): CodeIgniter\Boot::bootWeb(Object(Config\Paths))
14 SYSTEMPATH\rewrite.php(44): require_once('C:\\Users\\USER\\Documents\\Elecomp Indonesia\\GESID\\gesid_portal (2)\\gesid.id\\public\\index.php')
DEBUG - 2025-10-06 06:05:21 --> Session: Class initialized using 'CodeIgniter\Session\Handlers\FileHandler' driver.
ERROR - 2025-10-06 06:05:21 --> mysqli_sql_exception: Unknown column 'members.id' in 'where clause' in C:\Users\USER\Documents\Elecomp Indonesia\GESID\gesid_portal (2)\gesid.id\system\Database\MySQLi\Connection.php:327
Stack trace:
#0 C:\Users\USER\Documents\Elecomp Indonesia\GESID\gesid_portal (2)\gesid.id\system\Database\MySQLi\Connection.php(327): mysqli->query('SELECT `tb_memb...', 0)
#1 C:\Users\USER\Documents\Elecomp Indonesia\GESID\gesid_portal (2)\gesid.id\system\Database\BaseConnection.php(738): CodeIgniter\Database\MySQLi\Connection->execute('SELECT `tb_memb...')
#2 C:\Users\USER\Documents\Elecomp Indonesia\GESID\gesid_portal (2)\gesid.id\system\Database\BaseConnection.php(652): CodeIgniter\Database\BaseConnection->simpleQuery('SELECT `tb_memb...')
#3 C:\Users\USER\Documents\Elecomp Indonesia\GESID\gesid_portal (2)\gesid.id\system\Database\BaseBuilder.php(1649): CodeIgniter\Database\BaseConnection->query('SELECT `tb_memb...', Array, false)
#4 C:\Users\USER\Documents\Elecomp Indonesia\GESID\gesid_portal (2)\gesid.id\system\Model.php(330): CodeIgniter\Database\BaseBuilder->get()
#5 C:\Users\USER\Documents\Elecomp Indonesia\GESID\gesid_portal (2)\gesid.id\system\BaseModel.php(717): CodeIgniter\Model->doFirst()
#6 C:\Users\USER\Documents\Elecomp Indonesia\GESID\gesid_portal (2)\gesid.id\app\Controllers\MemberController.php(265): CodeIgniter\BaseModel->first()
#7 C:\Users\USER\Documents\Elecomp Indonesia\GESID\gesid_portal (2)\gesid.id\system\CodeIgniter.php(933): App\Controllers\MemberController->downloadCard()
#8 C:\Users\USER\Documents\Elecomp Indonesia\GESID\gesid_portal (2)\gesid.id\system\CodeIgniter.php(507): CodeIgniter\CodeIgniter->runController(Object(App\Controllers\MemberController))
#9 C:\Users\USER\Documents\Elecomp Indonesia\GESID\gesid_portal (2)\gesid.id\system\CodeIgniter.php(354): CodeIgniter\CodeIgniter->handleRequest(NULL, Object(Config\Cache), false)
#10 C:\Users\USER\Documents\Elecomp Indonesia\GESID\gesid_portal (2)\gesid.id\system\Boot.php(334): CodeIgniter\CodeIgniter->run()
#11 C:\Users\USER\Documents\Elecomp Indonesia\GESID\gesid_portal (2)\gesid.id\system\Boot.php(67): CodeIgniter\Boot::runCodeIgniter(Object(CodeIgniter\CodeIgniter))
#12 C:\Users\USER\Documents\Elecomp Indonesia\GESID\gesid_portal (2)\gesid.id\public\index.php(59): CodeIgniter\Boot::bootWeb(Object(Config\Paths))
#13 C:\Users\USER\Documents\Elecomp Indonesia\GESID\gesid_portal (2)\gesid.id\system\rewrite.php(44): require_once('C:\\Users\\USER\\D...')
#14 {main}
CRITICAL - 2025-10-06 06:05:21 --> CodeIgniter\Database\Exceptions\DatabaseException: Unknown column 'members.id' in 'where clause'
[Method: GET, Route: member/downloadCard]
in SYSTEMPATH\Database\BaseConnection.php on line 692.
 1 SYSTEMPATH\Database\BaseBuilder.php(1649): CodeIgniter\Database\BaseConnection->query('SELECT `tb_members`.*, `provinsi`.`nama_provinsi`, `kota`.`nama_kota`, `desa`.`nama_desa`
FROM `tb_members`
LEFT JOIN `tb_provinsi` AS `provinsi` ON `provinsi`.`id_provinsi` = `members`.`id_provinsi`
LEFT JOIN `tb_kota_kabupaten` AS `kota` ON `kota`.`id_kota` = `members`.`id_kota`
LEFT JOIN `tb_desa_kelurahan` AS `desa` ON `desa`.`id_desa_kelurahan` = `members`.`id_desa`
WHERE `members`.`id` = :members.id:
 LIMIT 1', [...], false)
 2 SYSTEMPATH\Model.php(330): CodeIgniter\Database\BaseBuilder->get()
 3 SYSTEMPATH\BaseModel.php(717): CodeIgniter\Model->doFirst()
 4 APPPATH\Controllers\MemberController.php(265): CodeIgniter\BaseModel->first()
 5 SYSTEMPATH\CodeIgniter.php(933): App\Controllers\MemberController->downloadCard()
 6 SYSTEMPATH\CodeIgniter.php(507): CodeIgniter\CodeIgniter->runController(Object(App\Controllers\MemberController))
 7 SYSTEMPATH\CodeIgniter.php(354): CodeIgniter\CodeIgniter->handleRequest(null, Object(Config\Cache), false)
 8 SYSTEMPATH\Boot.php(334): CodeIgniter\CodeIgniter->run()
 9 SYSTEMPATH\Boot.php(67): CodeIgniter\Boot::runCodeIgniter(Object(CodeIgniter\CodeIgniter))
10 FCPATH\index.php(59): CodeIgniter\Boot::bootWeb(Object(Config\Paths))
11 SYSTEMPATH\rewrite.php(44): require_once('C:\\Users\\USER\\Documents\\Elecomp Indonesia\\GESID\\gesid_portal (2)\\gesid.id\\public\\index.php')
CRITICAL - 2025-10-06 06:05:21 --> [Caused by] CodeIgniter\Database\Exceptions\DatabaseException: Unknown column 'members.id' in 'where clause'
in SYSTEMPATH\Database\MySQLi\Connection.php on line 332.
 1 SYSTEMPATH\Database\BaseConnection.php(738): CodeIgniter\Database\MySQLi\Connection->execute('SELECT `tb_members`.*, `provinsi`.`nama_provinsi`, `kota`.`nama_kota`, `desa`.`nama_desa`
FROM `tb_members`
LEFT JOIN `tb_provinsi` AS `provinsi` ON `provinsi`.`id_provinsi` = `members`.`id_provinsi`
LEFT JOIN `tb_kota_kabupaten` AS `kota` ON `kota`.`id_kota` = `members`.`id_kota`
LEFT JOIN `tb_desa_kelurahan` AS `desa` ON `desa`.`id_desa_kelurahan` = `members`.`id_desa`
WHERE `members`.`id` = \'16\'
 LIMIT 1')
 2 SYSTEMPATH\Database\BaseConnection.php(652): CodeIgniter\Database\BaseConnection->simpleQuery('SELECT `tb_members`.*, `provinsi`.`nama_provinsi`, `kota`.`nama_kota`, `desa`.`nama_desa`
FROM `tb_members`
LEFT JOIN `tb_provinsi` AS `provinsi` ON `provinsi`.`id_provinsi` = `members`.`id_provinsi`
LEFT JOIN `tb_kota_kabupaten` AS `kota` ON `kota`.`id_kota` = `members`.`id_kota`
LEFT JOIN `tb_desa_kelurahan` AS `desa` ON `desa`.`id_desa_kelurahan` = `members`.`id_desa`
WHERE `members`.`id` = \'16\'
 LIMIT 1')
 3 SYSTEMPATH\Database\BaseBuilder.php(1649): CodeIgniter\Database\BaseConnection->query('SELECT `tb_members`.*, `provinsi`.`nama_provinsi`, `kota`.`nama_kota`, `desa`.`nama_desa`
FROM `tb_members`
LEFT JOIN `tb_provinsi` AS `provinsi` ON `provinsi`.`id_provinsi` = `members`.`id_provinsi`
LEFT JOIN `tb_kota_kabupaten` AS `kota` ON `kota`.`id_kota` = `members`.`id_kota`
LEFT JOIN `tb_desa_kelurahan` AS `desa` ON `desa`.`id_desa_kelurahan` = `members`.`id_desa`
WHERE `members`.`id` = :members.id:
 LIMIT 1', [...], false)
 4 SYSTEMPATH\Model.php(330): CodeIgniter\Database\BaseBuilder->get()
 5 SYSTEMPATH\BaseModel.php(717): CodeIgniter\Model->doFirst()
 6 APPPATH\Controllers\MemberController.php(265): CodeIgniter\BaseModel->first()
 7 SYSTEMPATH\CodeIgniter.php(933): App\Controllers\MemberController->downloadCard()
 8 SYSTEMPATH\CodeIgniter.php(507): CodeIgniter\CodeIgniter->runController(Object(App\Controllers\MemberController))
 9 SYSTEMPATH\CodeIgniter.php(354): CodeIgniter\CodeIgniter->handleRequest(null, Object(Config\Cache), false)
10 SYSTEMPATH\Boot.php(334): CodeIgniter\CodeIgniter->run()
11 SYSTEMPATH\Boot.php(67): CodeIgniter\Boot::runCodeIgniter(Object(CodeIgniter\CodeIgniter))
12 FCPATH\index.php(59): CodeIgniter\Boot::bootWeb(Object(Config\Paths))
13 SYSTEMPATH\rewrite.php(44): require_once('C:\\Users\\USER\\Documents\\Elecomp Indonesia\\GESID\\gesid_portal (2)\\gesid.id\\public\\index.php')
CRITICAL - 2025-10-06 06:05:21 --> [Caused by] mysqli_sql_exception: Unknown column 'members.id' in 'where clause'
in SYSTEMPATH\Database\MySQLi\Connection.php on line 327.
 1 SYSTEMPATH\Database\MySQLi\Connection.php(327): mysqli->query('SELECT `tb_members`.*, `provinsi`.`nama_provinsi`, `kota`.`nama_kota`, `desa`.`nama_desa`
FROM `tb_members`
LEFT JOIN `tb_provinsi` AS `provinsi` ON `provinsi`.`id_provinsi` = `members`.`id_provinsi`
LEFT JOIN `tb_kota_kabupaten` AS `kota` ON `kota`.`id_kota` = `members`.`id_kota`
LEFT JOIN `tb_desa_kelurahan` AS `desa` ON `desa`.`id_desa_kelurahan` = `members`.`id_desa`
WHERE `members`.`id` = \'16\'
 LIMIT 1', 0)
 2 SYSTEMPATH\Database\BaseConnection.php(738): CodeIgniter\Database\MySQLi\Connection->execute('SELECT `tb_members`.*, `provinsi`.`nama_provinsi`, `kota`.`nama_kota`, `desa`.`nama_desa`
FROM `tb_members`
LEFT JOIN `tb_provinsi` AS `provinsi` ON `provinsi`.`id_provinsi` = `members`.`id_provinsi`
LEFT JOIN `tb_kota_kabupaten` AS `kota` ON `kota`.`id_kota` = `members`.`id_kota`
LEFT JOIN `tb_desa_kelurahan` AS `desa` ON `desa`.`id_desa_kelurahan` = `members`.`id_desa`
WHERE `members`.`id` = \'16\'
 LIMIT 1')
 3 SYSTEMPATH\Database\BaseConnection.php(652): CodeIgniter\Database\BaseConnection->simpleQuery('SELECT `tb_members`.*, `provinsi`.`nama_provinsi`, `kota`.`nama_kota`, `desa`.`nama_desa`
FROM `tb_members`
LEFT JOIN `tb_provinsi` AS `provinsi` ON `provinsi`.`id_provinsi` = `members`.`id_provinsi`
LEFT JOIN `tb_kota_kabupaten` AS `kota` ON `kota`.`id_kota` = `members`.`id_kota`
LEFT JOIN `tb_desa_kelurahan` AS `desa` ON `desa`.`id_desa_kelurahan` = `members`.`id_desa`
WHERE `members`.`id` = \'16\'
 LIMIT 1')
 4 SYSTEMPATH\Database\BaseBuilder.php(1649): CodeIgniter\Database\BaseConnection->query('SELECT `tb_members`.*, `provinsi`.`nama_provinsi`, `kota`.`nama_kota`, `desa`.`nama_desa`
FROM `tb_members`
LEFT JOIN `tb_provinsi` AS `provinsi` ON `provinsi`.`id_provinsi` = `members`.`id_provinsi`
LEFT JOIN `tb_kota_kabupaten` AS `kota` ON `kota`.`id_kota` = `members`.`id_kota`
LEFT JOIN `tb_desa_kelurahan` AS `desa` ON `desa`.`id_desa_kelurahan` = `members`.`id_desa`
WHERE `members`.`id` = :members.id:
 LIMIT 1', [...], false)
 5 SYSTEMPATH\Model.php(330): CodeIgniter\Database\BaseBuilder->get()
 6 SYSTEMPATH\BaseModel.php(717): CodeIgniter\Model->doFirst()
 7 APPPATH\Controllers\MemberController.php(265): CodeIgniter\BaseModel->first()
 8 SYSTEMPATH\CodeIgniter.php(933): App\Controllers\MemberController->downloadCard()
 9 SYSTEMPATH\CodeIgniter.php(507): CodeIgniter\CodeIgniter->runController(Object(App\Controllers\MemberController))
10 SYSTEMPATH\CodeIgniter.php(354): CodeIgniter\CodeIgniter->handleRequest(null, Object(Config\Cache), false)
11 SYSTEMPATH\Boot.php(334): CodeIgniter\CodeIgniter->run()
12 SYSTEMPATH\Boot.php(67): CodeIgniter\Boot::runCodeIgniter(Object(CodeIgniter\CodeIgniter))
13 FCPATH\index.php(59): CodeIgniter\Boot::bootWeb(Object(Config\Paths))
14 SYSTEMPATH\rewrite.php(44): require_once('C:\\Users\\USER\\Documents\\Elecomp Indonesia\\GESID\\gesid_portal (2)\\gesid.id\\public\\index.php')
DEBUG - 2025-10-06 06:05:26 --> Session: Class initialized using 'CodeIgniter\Session\Handlers\FileHandler' driver.
ERROR - 2025-10-06 06:05:26 --> mysqli_sql_exception: Unknown column 'members.id_provinsi' in 'on clause' in C:\Users\USER\Documents\Elecomp Indonesia\GESID\gesid_portal (2)\gesid.id\system\Database\MySQLi\Connection.php:327
Stack trace:
#0 C:\Users\USER\Documents\Elecomp Indonesia\GESID\gesid_portal (2)\gesid.id\system\Database\MySQLi\Connection.php(327): mysqli->query('SELECT `tb_memb...', 0)
#1 C:\Users\USER\Documents\Elecomp Indonesia\GESID\gesid_portal (2)\gesid.id\system\Database\BaseConnection.php(738): CodeIgniter\Database\MySQLi\Connection->execute('SELECT `tb_memb...')
#2 C:\Users\USER\Documents\Elecomp Indonesia\GESID\gesid_portal (2)\gesid.id\system\Database\BaseConnection.php(652): CodeIgniter\Database\BaseConnection->simpleQuery('SELECT `tb_memb...')
#3 C:\Users\USER\Documents\Elecomp Indonesia\GESID\gesid_portal (2)\gesid.id\system\Database\BaseBuilder.php(1649): CodeIgniter\Database\BaseConnection->query('SELECT `tb_memb...', Array, false)
#4 C:\Users\USER\Documents\Elecomp Indonesia\GESID\gesid_portal (2)\gesid.id\system\Model.php(330): CodeIgniter\Database\BaseBuilder->get()
#5 C:\Users\USER\Documents\Elecomp Indonesia\GESID\gesid_portal (2)\gesid.id\system\BaseModel.php(717): CodeIgniter\Model->doFirst()
#6 C:\Users\USER\Documents\Elecomp Indonesia\GESID\gesid_portal (2)\gesid.id\app\Controllers\MemberController.php(265): CodeIgniter\BaseModel->first()
#7 C:\Users\USER\Documents\Elecomp Indonesia\GESID\gesid_portal (2)\gesid.id\system\CodeIgniter.php(933): App\Controllers\MemberController->downloadCard()
#8 C:\Users\USER\Documents\Elecomp Indonesia\GESID\gesid_portal (2)\gesid.id\system\CodeIgniter.php(507): CodeIgniter\CodeIgniter->runController(Object(App\Controllers\MemberController))
#9 C:\Users\USER\Documents\Elecomp Indonesia\GESID\gesid_portal (2)\gesid.id\system\CodeIgniter.php(354): CodeIgniter\CodeIgniter->handleRequest(NULL, Object(Config\Cache), false)
#10 C:\Users\USER\Documents\Elecomp Indonesia\GESID\gesid_portal (2)\gesid.id\system\Boot.php(334): CodeIgniter\CodeIgniter->run()
#11 C:\Users\USER\Documents\Elecomp Indonesia\GESID\gesid_portal (2)\gesid.id\system\Boot.php(67): CodeIgniter\Boot::runCodeIgniter(Object(CodeIgniter\CodeIgniter))
#12 C:\Users\USER\Documents\Elecomp Indonesia\GESID\gesid_portal (2)\gesid.id\public\index.php(59): CodeIgniter\Boot::bootWeb(Object(Config\Paths))
#13 C:\Users\USER\Documents\Elecomp Indonesia\GESID\gesid_portal (2)\gesid.id\system\rewrite.php(44): require_once('C:\\Users\\USER\\D...')
#14 {main}
CRITICAL - 2025-10-06 06:05:26 --> CodeIgniter\Database\Exceptions\DatabaseException: Unknown column 'members.id_provinsi' in 'on clause'
[Method: GET, Route: member/downloadCard]
in SYSTEMPATH\Database\BaseConnection.php on line 692.
 1 SYSTEMPATH\Database\BaseBuilder.php(1649): CodeIgniter\Database\BaseConnection->query('SELECT `tb_members`.*, `provinsi`.`nama_provinsi`, `kota`.`nama_kota`, `desa`.`nama_desa`
FROM `tb_members`
LEFT JOIN `tb_provinsi` AS `provinsi` ON `provinsi`.`id_provinsi` = `members`.`id_provinsi`
LEFT JOIN `tb_kota_kabupaten` AS `kota` ON `kota`.`id_kota` = `members`.`id_kota`
LEFT JOIN `tb_desa_kelurahan` AS `desa` ON `desa`.`id_desa_kelurahan` = `members`.`id_desa`
WHERE `tb_members`.`id` = :tb_members.id:
 LIMIT 1', [...], false)
 2 SYSTEMPATH\Model.php(330): CodeIgniter\Database\BaseBuilder->get()
 3 SYSTEMPATH\BaseModel.php(717): CodeIgniter\Model->doFirst()
 4 APPPATH\Controllers\MemberController.php(265): CodeIgniter\BaseModel->first()
 5 SYSTEMPATH\CodeIgniter.php(933): App\Controllers\MemberController->downloadCard()
 6 SYSTEMPATH\CodeIgniter.php(507): CodeIgniter\CodeIgniter->runController(Object(App\Controllers\MemberController))
 7 SYSTEMPATH\CodeIgniter.php(354): CodeIgniter\CodeIgniter->handleRequest(null, Object(Config\Cache), false)
 8 SYSTEMPATH\Boot.php(334): CodeIgniter\CodeIgniter->run()
 9 SYSTEMPATH\Boot.php(67): CodeIgniter\Boot::runCodeIgniter(Object(CodeIgniter\CodeIgniter))
10 FCPATH\index.php(59): CodeIgniter\Boot::bootWeb(Object(Config\Paths))
11 SYSTEMPATH\rewrite.php(44): require_once('C:\\Users\\USER\\Documents\\Elecomp Indonesia\\GESID\\gesid_portal (2)\\gesid.id\\public\\index.php')
CRITICAL - 2025-10-06 06:05:26 --> [Caused by] CodeIgniter\Database\Exceptions\DatabaseException: Unknown column 'members.id_provinsi' in 'on clause'
in SYSTEMPATH\Database\MySQLi\Connection.php on line 332.
 1 SYSTEMPATH\Database\BaseConnection.php(738): CodeIgniter\Database\MySQLi\Connection->execute('SELECT `tb_members`.*, `provinsi`.`nama_provinsi`, `kota`.`nama_kota`, `desa`.`nama_desa`
FROM `tb_members`
LEFT JOIN `tb_provinsi` AS `provinsi` ON `provinsi`.`id_provinsi` = `members`.`id_provinsi`
LEFT JOIN `tb_kota_kabupaten` AS `kota` ON `kota`.`id_kota` = `members`.`id_kota`
LEFT JOIN `tb_desa_kelurahan` AS `desa` ON `desa`.`id_desa_kelurahan` = `members`.`id_desa`
WHERE `tb_members`.`id` = \'16\'
 LIMIT 1')
 2 SYSTEMPATH\Database\BaseConnection.php(652): CodeIgniter\Database\BaseConnection->simpleQuery('SELECT `tb_members`.*, `provinsi`.`nama_provinsi`, `kota`.`nama_kota`, `desa`.`nama_desa`
FROM `tb_members`
LEFT JOIN `tb_provinsi` AS `provinsi` ON `provinsi`.`id_provinsi` = `members`.`id_provinsi`
LEFT JOIN `tb_kota_kabupaten` AS `kota` ON `kota`.`id_kota` = `members`.`id_kota`
LEFT JOIN `tb_desa_kelurahan` AS `desa` ON `desa`.`id_desa_kelurahan` = `members`.`id_desa`
WHERE `tb_members`.`id` = \'16\'
 LIMIT 1')
 3 SYSTEMPATH\Database\BaseBuilder.php(1649): CodeIgniter\Database\BaseConnection->query('SELECT `tb_members`.*, `provinsi`.`nama_provinsi`, `kota`.`nama_kota`, `desa`.`nama_desa`
FROM `tb_members`
LEFT JOIN `tb_provinsi` AS `provinsi` ON `provinsi`.`id_provinsi` = `members`.`id_provinsi`
LEFT JOIN `tb_kota_kabupaten` AS `kota` ON `kota`.`id_kota` = `members`.`id_kota`
LEFT JOIN `tb_desa_kelurahan` AS `desa` ON `desa`.`id_desa_kelurahan` = `members`.`id_desa`
WHERE `tb_members`.`id` = :tb_members.id:
 LIMIT 1', [...], false)
 4 SYSTEMPATH\Model.php(330): CodeIgniter\Database\BaseBuilder->get()
 5 SYSTEMPATH\BaseModel.php(717): CodeIgniter\Model->doFirst()
 6 APPPATH\Controllers\MemberController.php(265): CodeIgniter\BaseModel->first()
 7 SYSTEMPATH\CodeIgniter.php(933): App\Controllers\MemberController->downloadCard()
 8 SYSTEMPATH\CodeIgniter.php(507): CodeIgniter\CodeIgniter->runController(Object(App\Controllers\MemberController))
 9 SYSTEMPATH\CodeIgniter.php(354): CodeIgniter\CodeIgniter->handleRequest(null, Object(Config\Cache), false)
10 SYSTEMPATH\Boot.php(334): CodeIgniter\CodeIgniter->run()
11 SYSTEMPATH\Boot.php(67): CodeIgniter\Boot::runCodeIgniter(Object(CodeIgniter\CodeIgniter))
12 FCPATH\index.php(59): CodeIgniter\Boot::bootWeb(Object(Config\Paths))
13 SYSTEMPATH\rewrite.php(44): require_once('C:\\Users\\USER\\Documents\\Elecomp Indonesia\\GESID\\gesid_portal (2)\\gesid.id\\public\\index.php')
CRITICAL - 2025-10-06 06:05:26 --> [Caused by] mysqli_sql_exception: Unknown column 'members.id_provinsi' in 'on clause'
in SYSTEMPATH\Database\MySQLi\Connection.php on line 327.
 1 SYSTEMPATH\Database\MySQLi\Connection.php(327): mysqli->query('SELECT `tb_members`.*, `provinsi`.`nama_provinsi`, `kota`.`nama_kota`, `desa`.`nama_desa`
FROM `tb_members`
LEFT JOIN `tb_provinsi` AS `provinsi` ON `provinsi`.`id_provinsi` = `members`.`id_provinsi`
LEFT JOIN `tb_kota_kabupaten` AS `kota` ON `kota`.`id_kota` = `members`.`id_kota`
LEFT JOIN `tb_desa_kelurahan` AS `desa` ON `desa`.`id_desa_kelurahan` = `members`.`id_desa`
WHERE `tb_members`.`id` = \'16\'
 LIMIT 1', 0)
 2 SYSTEMPATH\Database\BaseConnection.php(738): CodeIgniter\Database\MySQLi\Connection->execute('SELECT `tb_members`.*, `provinsi`.`nama_provinsi`, `kota`.`nama_kota`, `desa`.`nama_desa`
FROM `tb_members`
LEFT JOIN `tb_provinsi` AS `provinsi` ON `provinsi`.`id_provinsi` = `members`.`id_provinsi`
LEFT JOIN `tb_kota_kabupaten` AS `kota` ON `kota`.`id_kota` = `members`.`id_kota`
LEFT JOIN `tb_desa_kelurahan` AS `desa` ON `desa`.`id_desa_kelurahan` = `members`.`id_desa`
WHERE `tb_members`.`id` = \'16\'
 LIMIT 1')
 3 SYSTEMPATH\Database\BaseConnection.php(652): CodeIgniter\Database\BaseConnection->simpleQuery('SELECT `tb_members`.*, `provinsi`.`nama_provinsi`, `kota`.`nama_kota`, `desa`.`nama_desa`
FROM `tb_members`
LEFT JOIN `tb_provinsi` AS `provinsi` ON `provinsi`.`id_provinsi` = `members`.`id_provinsi`
LEFT JOIN `tb_kota_kabupaten` AS `kota` ON `kota`.`id_kota` = `members`.`id_kota`
LEFT JOIN `tb_desa_kelurahan` AS `desa` ON `desa`.`id_desa_kelurahan` = `members`.`id_desa`
WHERE `tb_members`.`id` = \'16\'
 LIMIT 1')
 4 SYSTEMPATH\Database\BaseBuilder.php(1649): CodeIgniter\Database\BaseConnection->query('SELECT `tb_members`.*, `provinsi`.`nama_provinsi`, `kota`.`nama_kota`, `desa`.`nama_desa`
FROM `tb_members`
LEFT JOIN `tb_provinsi` AS `provinsi` ON `provinsi`.`id_provinsi` = `members`.`id_provinsi`
LEFT JOIN `tb_kota_kabupaten` AS `kota` ON `kota`.`id_kota` = `members`.`id_kota`
LEFT JOIN `tb_desa_kelurahan` AS `desa` ON `desa`.`id_desa_kelurahan` = `members`.`id_desa`
WHERE `tb_members`.`id` = :tb_members.id:
 LIMIT 1', [...], false)
 5 SYSTEMPATH\Model.php(330): CodeIgniter\Database\BaseBuilder->get()
 6 SYSTEMPATH\BaseModel.php(717): CodeIgniter\Model->doFirst()
 7 APPPATH\Controllers\MemberController.php(265): CodeIgniter\BaseModel->first()
 8 SYSTEMPATH\CodeIgniter.php(933): App\Controllers\MemberController->downloadCard()
 9 SYSTEMPATH\CodeIgniter.php(507): CodeIgniter\CodeIgniter->runController(Object(App\Controllers\MemberController))
10 SYSTEMPATH\CodeIgniter.php(354): CodeIgniter\CodeIgniter->handleRequest(null, Object(Config\Cache), false)
11 SYSTEMPATH\Boot.php(334): CodeIgniter\CodeIgniter->run()
12 SYSTEMPATH\Boot.php(67): CodeIgniter\Boot::runCodeIgniter(Object(CodeIgniter\CodeIgniter))
13 FCPATH\index.php(59): CodeIgniter\Boot::bootWeb(Object(Config\Paths))
14 SYSTEMPATH\rewrite.php(44): require_once('C:\\Users\\USER\\Documents\\Elecomp Indonesia\\GESID\\gesid_portal (2)\\gesid.id\\public\\index.php')
DEBUG - 2025-10-06 06:05:33 --> Session: Class initialized using 'CodeIgniter\Session\Handlers\FileHandler' driver.
ERROR - 2025-10-06 06:05:33 --> mysqli_sql_exception: Unknown column 'members.id_kota' in 'on clause' in C:\Users\USER\Documents\Elecomp Indonesia\GESID\gesid_portal (2)\gesid.id\system\Database\MySQLi\Connection.php:327
Stack trace:
#0 C:\Users\USER\Documents\Elecomp Indonesia\GESID\gesid_portal (2)\gesid.id\system\Database\MySQLi\Connection.php(327): mysqli->query('SELECT `tb_memb...', 0)
#1 C:\Users\USER\Documents\Elecomp Indonesia\GESID\gesid_portal (2)\gesid.id\system\Database\BaseConnection.php(738): CodeIgniter\Database\MySQLi\Connection->execute('SELECT `tb_memb...')
#2 C:\Users\USER\Documents\Elecomp Indonesia\GESID\gesid_portal (2)\gesid.id\system\Database\BaseConnection.php(652): CodeIgniter\Database\BaseConnection->simpleQuery('SELECT `tb_memb...')
#3 C:\Users\USER\Documents\Elecomp Indonesia\GESID\gesid_portal (2)\gesid.id\system\Database\BaseBuilder.php(1649): CodeIgniter\Database\BaseConnection->query('SELECT `tb_memb...', Array, false)
#4 C:\Users\USER\Documents\Elecomp Indonesia\GESID\gesid_portal (2)\gesid.id\system\Model.php(330): CodeIgniter\Database\BaseBuilder->get()
#5 C:\Users\USER\Documents\Elecomp Indonesia\GESID\gesid_portal (2)\gesid.id\system\BaseModel.php(717): CodeIgniter\Model->doFirst()
#6 C:\Users\USER\Documents\Elecomp Indonesia\GESID\gesid_portal (2)\gesid.id\app\Controllers\MemberController.php(265): CodeIgniter\BaseModel->first()
#7 C:\Users\USER\Documents\Elecomp Indonesia\GESID\gesid_portal (2)\gesid.id\system\CodeIgniter.php(933): App\Controllers\MemberController->downloadCard()
#8 C:\Users\USER\Documents\Elecomp Indonesia\GESID\gesid_portal (2)\gesid.id\system\CodeIgniter.php(507): CodeIgniter\CodeIgniter->runController(Object(App\Controllers\MemberController))
#9 C:\Users\USER\Documents\Elecomp Indonesia\GESID\gesid_portal (2)\gesid.id\system\CodeIgniter.php(354): CodeIgniter\CodeIgniter->handleRequest(NULL, Object(Config\Cache), false)
#10 C:\Users\USER\Documents\Elecomp Indonesia\GESID\gesid_portal (2)\gesid.id\system\Boot.php(334): CodeIgniter\CodeIgniter->run()
#11 C:\Users\USER\Documents\Elecomp Indonesia\GESID\gesid_portal (2)\gesid.id\system\Boot.php(67): CodeIgniter\Boot::runCodeIgniter(Object(CodeIgniter\CodeIgniter))
#12 C:\Users\USER\Documents\Elecomp Indonesia\GESID\gesid_portal (2)\gesid.id\public\index.php(59): CodeIgniter\Boot::bootWeb(Object(Config\Paths))
#13 C:\Users\USER\Documents\Elecomp Indonesia\GESID\gesid_portal (2)\gesid.id\system\rewrite.php(44): require_once('C:\\Users\\USER\\D...')
#14 {main}
CRITICAL - 2025-10-06 06:05:33 --> CodeIgniter\Database\Exceptions\DatabaseException: Unknown column 'members.id_kota' in 'on clause'
[Method: GET, Route: member/downloadCard]
in SYSTEMPATH\Database\BaseConnection.php on line 692.
 1 SYSTEMPATH\Database\BaseBuilder.php(1649): CodeIgniter\Database\BaseConnection->query('SELECT `tb_members`.*, `provinsi`.`nama_provinsi`, `kota`.`nama_kota`, `desa`.`nama_desa`
FROM `tb_members`
LEFT JOIN `tb_provinsi` AS `provinsi` ON `provinsi`.`id_provinsi` = `tb_members`.`id_provinsi`
LEFT JOIN `tb_kota_kabupaten` AS `kota` ON `kota`.`id_kota` = `members`.`id_kota`
LEFT JOIN `tb_desa_kelurahan` AS `desa` ON `desa`.`id_desa_kelurahan` = `members`.`id_desa`
WHERE `tb_members`.`id` = :tb_members.id:
 LIMIT 1', [...], false)
 2 SYSTEMPATH\Model.php(330): CodeIgniter\Database\BaseBuilder->get()
 3 SYSTEMPATH\BaseModel.php(717): CodeIgniter\Model->doFirst()
 4 APPPATH\Controllers\MemberController.php(265): CodeIgniter\BaseModel->first()
 5 SYSTEMPATH\CodeIgniter.php(933): App\Controllers\MemberController->downloadCard()
 6 SYSTEMPATH\CodeIgniter.php(507): CodeIgniter\CodeIgniter->runController(Object(App\Controllers\MemberController))
 7 SYSTEMPATH\CodeIgniter.php(354): CodeIgniter\CodeIgniter->handleRequest(null, Object(Config\Cache), false)
 8 SYSTEMPATH\Boot.php(334): CodeIgniter\CodeIgniter->run()
 9 SYSTEMPATH\Boot.php(67): CodeIgniter\Boot::runCodeIgniter(Object(CodeIgniter\CodeIgniter))
10 FCPATH\index.php(59): CodeIgniter\Boot::bootWeb(Object(Config\Paths))
11 SYSTEMPATH\rewrite.php(44): require_once('C:\\Users\\USER\\Documents\\Elecomp Indonesia\\GESID\\gesid_portal (2)\\gesid.id\\public\\index.php')
CRITICAL - 2025-10-06 06:05:33 --> [Caused by] CodeIgniter\Database\Exceptions\DatabaseException: Unknown column 'members.id_kota' in 'on clause'
in SYSTEMPATH\Database\MySQLi\Connection.php on line 332.
 1 SYSTEMPATH\Database\BaseConnection.php(738): CodeIgniter\Database\MySQLi\Connection->execute('SELECT `tb_members`.*, `provinsi`.`nama_provinsi`, `kota`.`nama_kota`, `desa`.`nama_desa`
FROM `tb_members`
LEFT JOIN `tb_provinsi` AS `provinsi` ON `provinsi`.`id_provinsi` = `tb_members`.`id_provinsi`
LEFT JOIN `tb_kota_kabupaten` AS `kota` ON `kota`.`id_kota` = `members`.`id_kota`
LEFT JOIN `tb_desa_kelurahan` AS `desa` ON `desa`.`id_desa_kelurahan` = `members`.`id_desa`
WHERE `tb_members`.`id` = \'16\'
 LIMIT 1')
 2 SYSTEMPATH\Database\BaseConnection.php(652): CodeIgniter\Database\BaseConnection->simpleQuery('SELECT `tb_members`.*, `provinsi`.`nama_provinsi`, `kota`.`nama_kota`, `desa`.`nama_desa`
FROM `tb_members`
LEFT JOIN `tb_provinsi` AS `provinsi` ON `provinsi`.`id_provinsi` = `tb_members`.`id_provinsi`
LEFT JOIN `tb_kota_kabupaten` AS `kota` ON `kota`.`id_kota` = `members`.`id_kota`
LEFT JOIN `tb_desa_kelurahan` AS `desa` ON `desa`.`id_desa_kelurahan` = `members`.`id_desa`
WHERE `tb_members`.`id` = \'16\'
 LIMIT 1')
 3 SYSTEMPATH\Database\BaseBuilder.php(1649): CodeIgniter\Database\BaseConnection->query('SELECT `tb_members`.*, `provinsi`.`nama_provinsi`, `kota`.`nama_kota`, `desa`.`nama_desa`
FROM `tb_members`
LEFT JOIN `tb_provinsi` AS `provinsi` ON `provinsi`.`id_provinsi` = `tb_members`.`id_provinsi`
LEFT JOIN `tb_kota_kabupaten` AS `kota` ON `kota`.`id_kota` = `members`.`id_kota`
LEFT JOIN `tb_desa_kelurahan` AS `desa` ON `desa`.`id_desa_kelurahan` = `members`.`id_desa`
WHERE `tb_members`.`id` = :tb_members.id:
 LIMIT 1', [...], false)
 4 SYSTEMPATH\Model.php(330): CodeIgniter\Database\BaseBuilder->get()
 5 SYSTEMPATH\BaseModel.php(717): CodeIgniter\Model->doFirst()
 6 APPPATH\Controllers\MemberController.php(265): CodeIgniter\BaseModel->first()
 7 SYSTEMPATH\CodeIgniter.php(933): App\Controllers\MemberController->downloadCard()
 8 SYSTEMPATH\CodeIgniter.php(507): CodeIgniter\CodeIgniter->runController(Object(App\Controllers\MemberController))
 9 SYSTEMPATH\CodeIgniter.php(354): CodeIgniter\CodeIgniter->handleRequest(null, Object(Config\Cache), false)
10 SYSTEMPATH\Boot.php(334): CodeIgniter\CodeIgniter->run()
11 SYSTEMPATH\Boot.php(67): CodeIgniter\Boot::runCodeIgniter(Object(CodeIgniter\CodeIgniter))
12 FCPATH\index.php(59): CodeIgniter\Boot::bootWeb(Object(Config\Paths))
13 SYSTEMPATH\rewrite.php(44): require_once('C:\\Users\\USER\\Documents\\Elecomp Indonesia\\GESID\\gesid_portal (2)\\gesid.id\\public\\index.php')
CRITICAL - 2025-10-06 06:05:33 --> [Caused by] mysqli_sql_exception: Unknown column 'members.id_kota' in 'on clause'
in SYSTEMPATH\Database\MySQLi\Connection.php on line 327.
 1 SYSTEMPATH\Database\MySQLi\Connection.php(327): mysqli->query('SELECT `tb_members`.*, `provinsi`.`nama_provinsi`, `kota`.`nama_kota`, `desa`.`nama_desa`
FROM `tb_members`
LEFT JOIN `tb_provinsi` AS `provinsi` ON `provinsi`.`id_provinsi` = `tb_members`.`id_provinsi`
LEFT JOIN `tb_kota_kabupaten` AS `kota` ON `kota`.`id_kota` = `members`.`id_kota`
LEFT JOIN `tb_desa_kelurahan` AS `desa` ON `desa`.`id_desa_kelurahan` = `members`.`id_desa`
WHERE `tb_members`.`id` = \'16\'
 LIMIT 1', 0)
 2 SYSTEMPATH\Database\BaseConnection.php(738): CodeIgniter\Database\MySQLi\Connection->execute('SELECT `tb_members`.*, `provinsi`.`nama_provinsi`, `kota`.`nama_kota`, `desa`.`nama_desa`
FROM `tb_members`
LEFT JOIN `tb_provinsi` AS `provinsi` ON `provinsi`.`id_provinsi` = `tb_members`.`id_provinsi`
LEFT JOIN `tb_kota_kabupaten` AS `kota` ON `kota`.`id_kota` = `members`.`id_kota`
LEFT JOIN `tb_desa_kelurahan` AS `desa` ON `desa`.`id_desa_kelurahan` = `members`.`id_desa`
WHERE `tb_members`.`id` = \'16\'
 LIMIT 1')
 3 SYSTEMPATH\Database\BaseConnection.php(652): CodeIgniter\Database\BaseConnection->simpleQuery('SELECT `tb_members`.*, `provinsi`.`nama_provinsi`, `kota`.`nama_kota`, `desa`.`nama_desa`
FROM `tb_members`
LEFT JOIN `tb_provinsi` AS `provinsi` ON `provinsi`.`id_provinsi` = `tb_members`.`id_provinsi`
LEFT JOIN `tb_kota_kabupaten` AS `kota` ON `kota`.`id_kota` = `members`.`id_kota`
LEFT JOIN `tb_desa_kelurahan` AS `desa` ON `desa`.`id_desa_kelurahan` = `members`.`id_desa`
WHERE `tb_members`.`id` = \'16\'
 LIMIT 1')
 4 SYSTEMPATH\Database\BaseBuilder.php(1649): CodeIgniter\Database\BaseConnection->query('SELECT `tb_members`.*, `provinsi`.`nama_provinsi`, `kota`.`nama_kota`, `desa`.`nama_desa`
FROM `tb_members`
LEFT JOIN `tb_provinsi` AS `provinsi` ON `provinsi`.`id_provinsi` = `tb_members`.`id_provinsi`
LEFT JOIN `tb_kota_kabupaten` AS `kota` ON `kota`.`id_kota` = `members`.`id_kota`
LEFT JOIN `tb_desa_kelurahan` AS `desa` ON `desa`.`id_desa_kelurahan` = `members`.`id_desa`
WHERE `tb_members`.`id` = :tb_members.id:
 LIMIT 1', [...], false)
 5 SYSTEMPATH\Model.php(330): CodeIgniter\Database\BaseBuilder->get()
 6 SYSTEMPATH\BaseModel.php(717): CodeIgniter\Model->doFirst()
 7 APPPATH\Controllers\MemberController.php(265): CodeIgniter\BaseModel->first()
 8 SYSTEMPATH\CodeIgniter.php(933): App\Controllers\MemberController->downloadCard()
 9 SYSTEMPATH\CodeIgniter.php(507): CodeIgniter\CodeIgniter->runController(Object(App\Controllers\MemberController))
10 SYSTEMPATH\CodeIgniter.php(354): CodeIgniter\CodeIgniter->handleRequest(null, Object(Config\Cache), false)
11 SYSTEMPATH\Boot.php(334): CodeIgniter\CodeIgniter->run()
12 SYSTEMPATH\Boot.php(67): CodeIgniter\Boot::runCodeIgniter(Object(CodeIgniter\CodeIgniter))
13 FCPATH\index.php(59): CodeIgniter\Boot::bootWeb(Object(Config\Paths))
14 SYSTEMPATH\rewrite.php(44): require_once('C:\\Users\\USER\\Documents\\Elecomp Indonesia\\GESID\\gesid_portal (2)\\gesid.id\\public\\index.php')
DEBUG - 2025-10-06 06:05:37 --> Session: Class initialized using 'CodeIgniter\Session\Handlers\FileHandler' driver.
ERROR - 2025-10-06 06:05:37 --> mysqli_sql_exception: Unknown column 'desa.id_desa_kelurahan' in 'on clause' in C:\Users\USER\Documents\Elecomp Indonesia\GESID\gesid_portal (2)\gesid.id\system\Database\MySQLi\Connection.php:327
Stack trace:
#0 C:\Users\USER\Documents\Elecomp Indonesia\GESID\gesid_portal (2)\gesid.id\system\Database\MySQLi\Connection.php(327): mysqli->query('SELECT `tb_memb...', 0)
#1 C:\Users\USER\Documents\Elecomp Indonesia\GESID\gesid_portal (2)\gesid.id\system\Database\BaseConnection.php(738): CodeIgniter\Database\MySQLi\Connection->execute('SELECT `tb_memb...')
#2 C:\Users\USER\Documents\Elecomp Indonesia\GESID\gesid_portal (2)\gesid.id\system\Database\BaseConnection.php(652): CodeIgniter\Database\BaseConnection->simpleQuery('SELECT `tb_memb...')
#3 C:\Users\USER\Documents\Elecomp Indonesia\GESID\gesid_portal (2)\gesid.id\system\Database\BaseBuilder.php(1649): CodeIgniter\Database\BaseConnection->query('SELECT `tb_memb...', Array, false)
#4 C:\Users\USER\Documents\Elecomp Indonesia\GESID\gesid_portal (2)\gesid.id\system\Model.php(330): CodeIgniter\Database\BaseBuilder->get()
#5 C:\Users\USER\Documents\Elecomp Indonesia\GESID\gesid_portal (2)\gesid.id\system\BaseModel.php(717): CodeIgniter\Model->doFirst()
#6 C:\Users\USER\Documents\Elecomp Indonesia\GESID\gesid_portal (2)\gesid.id\app\Controllers\MemberController.php(265): CodeIgniter\BaseModel->first()
#7 C:\Users\USER\Documents\Elecomp Indonesia\GESID\gesid_portal (2)\gesid.id\system\CodeIgniter.php(933): App\Controllers\MemberController->downloadCard()
#8 C:\Users\USER\Documents\Elecomp Indonesia\GESID\gesid_portal (2)\gesid.id\system\CodeIgniter.php(507): CodeIgniter\CodeIgniter->runController(Object(App\Controllers\MemberController))
#9 C:\Users\USER\Documents\Elecomp Indonesia\GESID\gesid_portal (2)\gesid.id\system\CodeIgniter.php(354): CodeIgniter\CodeIgniter->handleRequest(NULL, Object(Config\Cache), false)
#10 C:\Users\USER\Documents\Elecomp Indonesia\GESID\gesid_portal (2)\gesid.id\system\Boot.php(334): CodeIgniter\CodeIgniter->run()
#11 C:\Users\USER\Documents\Elecomp Indonesia\GESID\gesid_portal (2)\gesid.id\system\Boot.php(67): CodeIgniter\Boot::runCodeIgniter(Object(CodeIgniter\CodeIgniter))
#12 C:\Users\USER\Documents\Elecomp Indonesia\GESID\gesid_portal (2)\gesid.id\public\index.php(59): CodeIgniter\Boot::bootWeb(Object(Config\Paths))
#13 C:\Users\USER\Documents\Elecomp Indonesia\GESID\gesid_portal (2)\gesid.id\system\rewrite.php(44): require_once('C:\\Users\\USER\\D...')
#14 {main}
CRITICAL - 2025-10-06 06:05:37 --> CodeIgniter\Database\Exceptions\DatabaseException: Unknown column 'desa.id_desa_kelurahan' in 'on clause'
[Method: GET, Route: member/downloadCard]
in SYSTEMPATH\Database\BaseConnection.php on line 692.
 1 SYSTEMPATH\Database\BaseBuilder.php(1649): CodeIgniter\Database\BaseConnection->query('SELECT `tb_members`.*, `provinsi`.`nama_provinsi`, `kota`.`nama_kota`, `desa`.`nama_desa`
FROM `tb_members`
LEFT JOIN `tb_provinsi` AS `provinsi` ON `provinsi`.`id_provinsi` = `tb_members`.`id_provinsi`
LEFT JOIN `tb_kota_kabupaten` AS `kota` ON `kota`.`id_kota` = `tb_members`.`id_kota`
LEFT JOIN `tb_desa_kelurahan` AS `desa` ON `desa`.`id_desa_kelurahan` = `members`.`id_desa`
WHERE `tb_members`.`id` = :tb_members.id:
 LIMIT 1', [...], false)
 2 SYSTEMPATH\Model.php(330): CodeIgniter\Database\BaseBuilder->get()
 3 SYSTEMPATH\BaseModel.php(717): CodeIgniter\Model->doFirst()
 4 APPPATH\Controllers\MemberController.php(265): CodeIgniter\BaseModel->first()
 5 SYSTEMPATH\CodeIgniter.php(933): App\Controllers\MemberController->downloadCard()
 6 SYSTEMPATH\CodeIgniter.php(507): CodeIgniter\CodeIgniter->runController(Object(App\Controllers\MemberController))
 7 SYSTEMPATH\CodeIgniter.php(354): CodeIgniter\CodeIgniter->handleRequest(null, Object(Config\Cache), false)
 8 SYSTEMPATH\Boot.php(334): CodeIgniter\CodeIgniter->run()
 9 SYSTEMPATH\Boot.php(67): CodeIgniter\Boot::runCodeIgniter(Object(CodeIgniter\CodeIgniter))
10 FCPATH\index.php(59): CodeIgniter\Boot::bootWeb(Object(Config\Paths))
11 SYSTEMPATH\rewrite.php(44): require_once('C:\\Users\\USER\\Documents\\Elecomp Indonesia\\GESID\\gesid_portal (2)\\gesid.id\\public\\index.php')
CRITICAL - 2025-10-06 06:05:37 --> [Caused by] CodeIgniter\Database\Exceptions\DatabaseException: Unknown column 'desa.id_desa_kelurahan' in 'on clause'
in SYSTEMPATH\Database\MySQLi\Connection.php on line 332.
 1 SYSTEMPATH\Database\BaseConnection.php(738): CodeIgniter\Database\MySQLi\Connection->execute('SELECT `tb_members`.*, `provinsi`.`nama_provinsi`, `kota`.`nama_kota`, `desa`.`nama_desa`
FROM `tb_members`
LEFT JOIN `tb_provinsi` AS `provinsi` ON `provinsi`.`id_provinsi` = `tb_members`.`id_provinsi`
LEFT JOIN `tb_kota_kabupaten` AS `kota` ON `kota`.`id_kota` = `tb_members`.`id_kota`
LEFT JOIN `tb_desa_kelurahan` AS `desa` ON `desa`.`id_desa_kelurahan` = `members`.`id_desa`
WHERE `tb_members`.`id` = \'16\'
 LIMIT 1')
 2 SYSTEMPATH\Database\BaseConnection.php(652): CodeIgniter\Database\BaseConnection->simpleQuery('SELECT `tb_members`.*, `provinsi`.`nama_provinsi`, `kota`.`nama_kota`, `desa`.`nama_desa`
FROM `tb_members`
LEFT JOIN `tb_provinsi` AS `provinsi` ON `provinsi`.`id_provinsi` = `tb_members`.`id_provinsi`
LEFT JOIN `tb_kota_kabupaten` AS `kota` ON `kota`.`id_kota` = `tb_members`.`id_kota`
LEFT JOIN `tb_desa_kelurahan` AS `desa` ON `desa`.`id_desa_kelurahan` = `members`.`id_desa`
WHERE `tb_members`.`id` = \'16\'
 LIMIT 1')
 3 SYSTEMPATH\Database\BaseBuilder.php(1649): CodeIgniter\Database\BaseConnection->query('SELECT `tb_members`.*, `provinsi`.`nama_provinsi`, `kota`.`nama_kota`, `desa`.`nama_desa`
FROM `tb_members`
LEFT JOIN `tb_provinsi` AS `provinsi` ON `provinsi`.`id_provinsi` = `tb_members`.`id_provinsi`
LEFT JOIN `tb_kota_kabupaten` AS `kota` ON `kota`.`id_kota` = `tb_members`.`id_kota`
LEFT JOIN `tb_desa_kelurahan` AS `desa` ON `desa`.`id_desa_kelurahan` = `members`.`id_desa`
WHERE `tb_members`.`id` = :tb_members.id:
 LIMIT 1', [...], false)
 4 SYSTEMPATH\Model.php(330): CodeIgniter\Database\BaseBuilder->get()
 5 SYSTEMPATH\BaseModel.php(717): CodeIgniter\Model->doFirst()
 6 APPPATH\Controllers\MemberController.php(265): CodeIgniter\BaseModel->first()
 7 SYSTEMPATH\CodeIgniter.php(933): App\Controllers\MemberController->downloadCard()
 8 SYSTEMPATH\CodeIgniter.php(507): CodeIgniter\CodeIgniter->runController(Object(App\Controllers\MemberController))
 9 SYSTEMPATH\CodeIgniter.php(354): CodeIgniter\CodeIgniter->handleRequest(null, Object(Config\Cache), false)
10 SYSTEMPATH\Boot.php(334): CodeIgniter\CodeIgniter->run()
11 SYSTEMPATH\Boot.php(67): CodeIgniter\Boot::runCodeIgniter(Object(CodeIgniter\CodeIgniter))
12 FCPATH\index.php(59): CodeIgniter\Boot::bootWeb(Object(Config\Paths))
13 SYSTEMPATH\rewrite.php(44): require_once('C:\\Users\\USER\\Documents\\Elecomp Indonesia\\GESID\\gesid_portal (2)\\gesid.id\\public\\index.php')
CRITICAL - 2025-10-06 06:05:37 --> [Caused by] mysqli_sql_exception: Unknown column 'desa.id_desa_kelurahan' in 'on clause'
in SYSTEMPATH\Database\MySQLi\Connection.php on line 327.
 1 SYSTEMPATH\Database\MySQLi\Connection.php(327): mysqli->query('SELECT `tb_members`.*, `provinsi`.`nama_provinsi`, `kota`.`nama_kota`, `desa`.`nama_desa`
FROM `tb_members`
LEFT JOIN `tb_provinsi` AS `provinsi` ON `provinsi`.`id_provinsi` = `tb_members`.`id_provinsi`
LEFT JOIN `tb_kota_kabupaten` AS `kota` ON `kota`.`id_kota` = `tb_members`.`id_kota`
LEFT JOIN `tb_desa_kelurahan` AS `desa` ON `desa`.`id_desa_kelurahan` = `members`.`id_desa`
WHERE `tb_members`.`id` = \'16\'
 LIMIT 1', 0)
 2 SYSTEMPATH\Database\BaseConnection.php(738): CodeIgniter\Database\MySQLi\Connection->execute('SELECT `tb_members`.*, `provinsi`.`nama_provinsi`, `kota`.`nama_kota`, `desa`.`nama_desa`
FROM `tb_members`
LEFT JOIN `tb_provinsi` AS `provinsi` ON `provinsi`.`id_provinsi` = `tb_members`.`id_provinsi`
LEFT JOIN `tb_kota_kabupaten` AS `kota` ON `kota`.`id_kota` = `tb_members`.`id_kota`
LEFT JOIN `tb_desa_kelurahan` AS `desa` ON `desa`.`id_desa_kelurahan` = `members`.`id_desa`
WHERE `tb_members`.`id` = \'16\'
 LIMIT 1')
 3 SYSTEMPATH\Database\BaseConnection.php(652): CodeIgniter\Database\BaseConnection->simpleQuery('SELECT `tb_members`.*, `provinsi`.`nama_provinsi`, `kota`.`nama_kota`, `desa`.`nama_desa`
FROM `tb_members`
LEFT JOIN `tb_provinsi` AS `provinsi` ON `provinsi`.`id_provinsi` = `tb_members`.`id_provinsi`
LEFT JOIN `tb_kota_kabupaten` AS `kota` ON `kota`.`id_kota` = `tb_members`.`id_kota`
LEFT JOIN `tb_desa_kelurahan` AS `desa` ON `desa`.`id_desa_kelurahan` = `members`.`id_desa`
WHERE `tb_members`.`id` = \'16\'
 LIMIT 1')
 4 SYSTEMPATH\Database\BaseBuilder.php(1649): CodeIgniter\Database\BaseConnection->query('SELECT `tb_members`.*, `provinsi`.`nama_provinsi`, `kota`.`nama_kota`, `desa`.`nama_desa`
FROM `tb_members`
LEFT JOIN `tb_provinsi` AS `provinsi` ON `provinsi`.`id_provinsi` = `tb_members`.`id_provinsi`
LEFT JOIN `tb_kota_kabupaten` AS `kota` ON `kota`.`id_kota` = `tb_members`.`id_kota`
LEFT JOIN `tb_desa_kelurahan` AS `desa` ON `desa`.`id_desa_kelurahan` = `members`.`id_desa`
WHERE `tb_members`.`id` = :tb_members.id:
 LIMIT 1', [...], false)
 5 SYSTEMPATH\Model.php(330): CodeIgniter\Database\BaseBuilder->get()
 6 SYSTEMPATH\BaseModel.php(717): CodeIgniter\Model->doFirst()
 7 APPPATH\Controllers\MemberController.php(265): CodeIgniter\BaseModel->first()
 8 SYSTEMPATH\CodeIgniter.php(933): App\Controllers\MemberController->downloadCard()
 9 SYSTEMPATH\CodeIgniter.php(507): CodeIgniter\CodeIgniter->runController(Object(App\Controllers\MemberController))
10 SYSTEMPATH\CodeIgniter.php(354): CodeIgniter\CodeIgniter->handleRequest(null, Object(Config\Cache), false)
11 SYSTEMPATH\Boot.php(334): CodeIgniter\CodeIgniter->run()
12 SYSTEMPATH\Boot.php(67): CodeIgniter\Boot::runCodeIgniter(Object(CodeIgniter\CodeIgniter))
13 FCPATH\index.php(59): CodeIgniter\Boot::bootWeb(Object(Config\Paths))
14 SYSTEMPATH\rewrite.php(44): require_once('C:\\Users\\USER\\Documents\\Elecomp Indonesia\\GESID\\gesid_portal (2)\\gesid.id\\public\\index.php')
DEBUG - 2025-10-06 06:05:43 --> Session: Class initialized using 'CodeIgniter\Session\Handlers\FileHandler' driver.
ERROR - 2025-10-06 06:05:43 --> mysqli_sql_exception: Unknown column 'members.id_kota' in 'on clause' in C:\Users\USER\Documents\Elecomp Indonesia\GESID\gesid_portal (2)\gesid.id\system\Database\MySQLi\Connection.php:327
Stack trace:
#0 C:\Users\USER\Documents\Elecomp Indonesia\GESID\gesid_portal (2)\gesid.id\system\Database\MySQLi\Connection.php(327): mysqli->query('SELECT `tb_memb...', 0)
#1 C:\Users\USER\Documents\Elecomp Indonesia\GESID\gesid_portal (2)\gesid.id\system\Database\BaseConnection.php(738): CodeIgniter\Database\MySQLi\Connection->execute('SELECT `tb_memb...')
#2 C:\Users\USER\Documents\Elecomp Indonesia\GESID\gesid_portal (2)\gesid.id\system\Database\BaseConnection.php(652): CodeIgniter\Database\BaseConnection->simpleQuery('SELECT `tb_memb...')
#3 C:\Users\USER\Documents\Elecomp Indonesia\GESID\gesid_portal (2)\gesid.id\system\Database\BaseBuilder.php(1649): CodeIgniter\Database\BaseConnection->query('SELECT `tb_memb...', Array, false)
#4 C:\Users\USER\Documents\Elecomp Indonesia\GESID\gesid_portal (2)\gesid.id\system\Model.php(330): CodeIgniter\Database\BaseBuilder->get()
#5 C:\Users\USER\Documents\Elecomp Indonesia\GESID\gesid_portal (2)\gesid.id\system\BaseModel.php(717): CodeIgniter\Model->doFirst()
#6 C:\Users\USER\Documents\Elecomp Indonesia\GESID\gesid_portal (2)\gesid.id\app\Controllers\MemberController.php(265): CodeIgniter\BaseModel->first()
#7 C:\Users\USER\Documents\Elecomp Indonesia\GESID\gesid_portal (2)\gesid.id\system\CodeIgniter.php(933): App\Controllers\MemberController->downloadCard()
#8 C:\Users\USER\Documents\Elecomp Indonesia\GESID\gesid_portal (2)\gesid.id\system\CodeIgniter.php(507): CodeIgniter\CodeIgniter->runController(Object(App\Controllers\MemberController))
#9 C:\Users\USER\Documents\Elecomp Indonesia\GESID\gesid_portal (2)\gesid.id\system\CodeIgniter.php(354): CodeIgniter\CodeIgniter->handleRequest(NULL, Object(Config\Cache), false)
#10 C:\Users\USER\Documents\Elecomp Indonesia\GESID\gesid_portal (2)\gesid.id\system\Boot.php(334): CodeIgniter\CodeIgniter->run()
#11 C:\Users\USER\Documents\Elecomp Indonesia\GESID\gesid_portal (2)\gesid.id\system\Boot.php(67): CodeIgniter\Boot::runCodeIgniter(Object(CodeIgniter\CodeIgniter))
#12 C:\Users\USER\Documents\Elecomp Indonesia\GESID\gesid_portal (2)\gesid.id\public\index.php(59): CodeIgniter\Boot::bootWeb(Object(Config\Paths))
#13 C:\Users\USER\Documents\Elecomp Indonesia\GESID\gesid_portal (2)\gesid.id\system\rewrite.php(44): require_once('C:\\Users\\USER\\D...')
#14 {main}
CRITICAL - 2025-10-06 06:05:43 --> CodeIgniter\Database\Exceptions\DatabaseException: Unknown column 'members.id_kota' in 'on clause'
[Method: GET, Route: member/downloadCard]
in SYSTEMPATH\Database\BaseConnection.php on line 692.
 1 SYSTEMPATH\Database\BaseBuilder.php(1649): CodeIgniter\Database\BaseConnection->query('SELECT `tb_members`.*, `provinsi`.`nama_provinsi`, `kota`.`nama_kota`, `desa`.`nama_desa`
FROM `tb_members`
LEFT JOIN `tb_provinsi` AS `provinsi` ON `provinsi`.`id_provinsi` = `tb_members`.`id_provinsi`
LEFT JOIN `tb_kota_kabupaten` AS `kota` ON `kota`.`id_kota` = `members`.`id_kota`
LEFT JOIN `tb_desa_kelurahan` AS `desa` ON `desa`.`id_desa_kelurahan` = `members`.`id_desa`
WHERE `tb_members`.`id` = :tb_members.id:
 LIMIT 1', [...], false)
 2 SYSTEMPATH\Model.php(330): CodeIgniter\Database\BaseBuilder->get()
 3 SYSTEMPATH\BaseModel.php(717): CodeIgniter\Model->doFirst()
 4 APPPATH\Controllers\MemberController.php(265): CodeIgniter\BaseModel->first()
 5 SYSTEMPATH\CodeIgniter.php(933): App\Controllers\MemberController->downloadCard()
 6 SYSTEMPATH\CodeIgniter.php(507): CodeIgniter\CodeIgniter->runController(Object(App\Controllers\MemberController))
 7 SYSTEMPATH\CodeIgniter.php(354): CodeIgniter\CodeIgniter->handleRequest(null, Object(Config\Cache), false)
 8 SYSTEMPATH\Boot.php(334): CodeIgniter\CodeIgniter->run()
 9 SYSTEMPATH\Boot.php(67): CodeIgniter\Boot::runCodeIgniter(Object(CodeIgniter\CodeIgniter))
10 FCPATH\index.php(59): CodeIgniter\Boot::bootWeb(Object(Config\Paths))
11 SYSTEMPATH\rewrite.php(44): require_once('C:\\Users\\USER\\Documents\\Elecomp Indonesia\\GESID\\gesid_portal (2)\\gesid.id\\public\\index.php')
CRITICAL - 2025-10-06 06:05:43 --> [Caused by] CodeIgniter\Database\Exceptions\DatabaseException: Unknown column 'members.id_kota' in 'on clause'
in SYSTEMPATH\Database\MySQLi\Connection.php on line 332.
 1 SYSTEMPATH\Database\BaseConnection.php(738): CodeIgniter\Database\MySQLi\Connection->execute('SELECT `tb_members`.*, `provinsi`.`nama_provinsi`, `kota`.`nama_kota`, `desa`.`nama_desa`
FROM `tb_members`
LEFT JOIN `tb_provinsi` AS `provinsi` ON `provinsi`.`id_provinsi` = `tb_members`.`id_provinsi`
LEFT JOIN `tb_kota_kabupaten` AS `kota` ON `kota`.`id_kota` = `members`.`id_kota`
LEFT JOIN `tb_desa_kelurahan` AS `desa` ON `desa`.`id_desa_kelurahan` = `members`.`id_desa`
WHERE `tb_members`.`id` = \'16\'
 LIMIT 1')
 2 SYSTEMPATH\Database\BaseConnection.php(652): CodeIgniter\Database\BaseConnection->simpleQuery('SELECT `tb_members`.*, `provinsi`.`nama_provinsi`, `kota`.`nama_kota`, `desa`.`nama_desa`
FROM `tb_members`
LEFT JOIN `tb_provinsi` AS `provinsi` ON `provinsi`.`id_provinsi` = `tb_members`.`id_provinsi`
LEFT JOIN `tb_kota_kabupaten` AS `kota` ON `kota`.`id_kota` = `members`.`id_kota`
LEFT JOIN `tb_desa_kelurahan` AS `desa` ON `desa`.`id_desa_kelurahan` = `members`.`id_desa`
WHERE `tb_members`.`id` = \'16\'
 LIMIT 1')
 3 SYSTEMPATH\Database\BaseBuilder.php(1649): CodeIgniter\Database\BaseConnection->query('SELECT `tb_members`.*, `provinsi`.`nama_provinsi`, `kota`.`nama_kota`, `desa`.`nama_desa`
FROM `tb_members`
LEFT JOIN `tb_provinsi` AS `provinsi` ON `provinsi`.`id_provinsi` = `tb_members`.`id_provinsi`
LEFT JOIN `tb_kota_kabupaten` AS `kota` ON `kota`.`id_kota` = `members`.`id_kota`
LEFT JOIN `tb_desa_kelurahan` AS `desa` ON `desa`.`id_desa_kelurahan` = `members`.`id_desa`
WHERE `tb_members`.`id` = :tb_members.id:
 LIMIT 1', [...], false)
 4 SYSTEMPATH\Model.php(330): CodeIgniter\Database\BaseBuilder->get()
 5 SYSTEMPATH\BaseModel.php(717): CodeIgniter\Model->doFirst()
 6 APPPATH\Controllers\MemberController.php(265): CodeIgniter\BaseModel->first()
 7 SYSTEMPATH\CodeIgniter.php(933): App\Controllers\MemberController->downloadCard()
 8 SYSTEMPATH\CodeIgniter.php(507): CodeIgniter\CodeIgniter->runController(Object(App\Controllers\MemberController))
 9 SYSTEMPATH\CodeIgniter.php(354): CodeIgniter\CodeIgniter->handleRequest(null, Object(Config\Cache), false)
10 SYSTEMPATH\Boot.php(334): CodeIgniter\CodeIgniter->run()
11 SYSTEMPATH\Boot.php(67): CodeIgniter\Boot::runCodeIgniter(Object(CodeIgniter\CodeIgniter))
12 FCPATH\index.php(59): CodeIgniter\Boot::bootWeb(Object(Config\Paths))
13 SYSTEMPATH\rewrite.php(44): require_once('C:\\Users\\USER\\Documents\\Elecomp Indonesia\\GESID\\gesid_portal (2)\\gesid.id\\public\\index.php')
CRITICAL - 2025-10-06 06:05:43 --> [Caused by] mysqli_sql_exception: Unknown column 'members.id_kota' in 'on clause'
in SYSTEMPATH\Database\MySQLi\Connection.php on line 327.
 1 SYSTEMPATH\Database\MySQLi\Connection.php(327): mysqli->query('SELECT `tb_members`.*, `provinsi`.`nama_provinsi`, `kota`.`nama_kota`, `desa`.`nama_desa`
FROM `tb_members`
LEFT JOIN `tb_provinsi` AS `provinsi` ON `provinsi`.`id_provinsi` = `tb_members`.`id_provinsi`
LEFT JOIN `tb_kota_kabupaten` AS `kota` ON `kota`.`id_kota` = `members`.`id_kota`
LEFT JOIN `tb_desa_kelurahan` AS `desa` ON `desa`.`id_desa_kelurahan` = `members`.`id_desa`
WHERE `tb_members`.`id` = \'16\'
 LIMIT 1', 0)
 2 SYSTEMPATH\Database\BaseConnection.php(738): CodeIgniter\Database\MySQLi\Connection->execute('SELECT `tb_members`.*, `provinsi`.`nama_provinsi`, `kota`.`nama_kota`, `desa`.`nama_desa`
FROM `tb_members`
LEFT JOIN `tb_provinsi` AS `provinsi` ON `provinsi`.`id_provinsi` = `tb_members`.`id_provinsi`
LEFT JOIN `tb_kota_kabupaten` AS `kota` ON `kota`.`id_kota` = `members`.`id_kota`
LEFT JOIN `tb_desa_kelurahan` AS `desa` ON `desa`.`id_desa_kelurahan` = `members`.`id_desa`
WHERE `tb_members`.`id` = \'16\'
 LIMIT 1')
 3 SYSTEMPATH\Database\BaseConnection.php(652): CodeIgniter\Database\BaseConnection->simpleQuery('SELECT `tb_members`.*, `provinsi`.`nama_provinsi`, `kota`.`nama_kota`, `desa`.`nama_desa`
FROM `tb_members`
LEFT JOIN `tb_provinsi` AS `provinsi` ON `provinsi`.`id_provinsi` = `tb_members`.`id_provinsi`
LEFT JOIN `tb_kota_kabupaten` AS `kota` ON `kota`.`id_kota` = `members`.`id_kota`
LEFT JOIN `tb_desa_kelurahan` AS `desa` ON `desa`.`id_desa_kelurahan` = `members`.`id_desa`
WHERE `tb_members`.`id` = \'16\'
 LIMIT 1')
 4 SYSTEMPATH\Database\BaseBuilder.php(1649): CodeIgniter\Database\BaseConnection->query('SELECT `tb_members`.*, `provinsi`.`nama_provinsi`, `kota`.`nama_kota`, `desa`.`nama_desa`
FROM `tb_members`
LEFT JOIN `tb_provinsi` AS `provinsi` ON `provinsi`.`id_provinsi` = `tb_members`.`id_provinsi`
LEFT JOIN `tb_kota_kabupaten` AS `kota` ON `kota`.`id_kota` = `members`.`id_kota`
LEFT JOIN `tb_desa_kelurahan` AS `desa` ON `desa`.`id_desa_kelurahan` = `members`.`id_desa`
WHERE `tb_members`.`id` = :tb_members.id:
 LIMIT 1', [...], false)
 5 SYSTEMPATH\Model.php(330): CodeIgniter\Database\BaseBuilder->get()
 6 SYSTEMPATH\BaseModel.php(717): CodeIgniter\Model->doFirst()
 7 APPPATH\Controllers\MemberController.php(265): CodeIgniter\BaseModel->first()
 8 SYSTEMPATH\CodeIgniter.php(933): App\Controllers\MemberController->downloadCard()
 9 SYSTEMPATH\CodeIgniter.php(507): CodeIgniter\CodeIgniter->runController(Object(App\Controllers\MemberController))
10 SYSTEMPATH\CodeIgniter.php(354): CodeIgniter\CodeIgniter->handleRequest(null, Object(Config\Cache), false)
11 SYSTEMPATH\Boot.php(334): CodeIgniter\CodeIgniter->run()
12 SYSTEMPATH\Boot.php(67): CodeIgniter\Boot::runCodeIgniter(Object(CodeIgniter\CodeIgniter))
13 FCPATH\index.php(59): CodeIgniter\Boot::bootWeb(Object(Config\Paths))
14 SYSTEMPATH\rewrite.php(44): require_once('C:\\Users\\USER\\Documents\\Elecomp Indonesia\\GESID\\gesid_portal (2)\\gesid.id\\public\\index.php')
DEBUG - 2025-10-06 06:05:47 --> Session: Class initialized using 'CodeIgniter\Session\Handlers\FileHandler' driver.
ERROR - 2025-10-06 06:05:47 --> mysqli_sql_exception: Unknown column 'desa.id_desa_kelurahan' in 'on clause' in C:\Users\USER\Documents\Elecomp Indonesia\GESID\gesid_portal (2)\gesid.id\system\Database\MySQLi\Connection.php:327
Stack trace:
#0 C:\Users\USER\Documents\Elecomp Indonesia\GESID\gesid_portal (2)\gesid.id\system\Database\MySQLi\Connection.php(327): mysqli->query('SELECT `tb_memb...', 0)
#1 C:\Users\USER\Documents\Elecomp Indonesia\GESID\gesid_portal (2)\gesid.id\system\Database\BaseConnection.php(738): CodeIgniter\Database\MySQLi\Connection->execute('SELECT `tb_memb...')
#2 C:\Users\USER\Documents\Elecomp Indonesia\GESID\gesid_portal (2)\gesid.id\system\Database\BaseConnection.php(652): CodeIgniter\Database\BaseConnection->simpleQuery('SELECT `tb_memb...')
#3 C:\Users\USER\Documents\Elecomp Indonesia\GESID\gesid_portal (2)\gesid.id\system\Database\BaseBuilder.php(1649): CodeIgniter\Database\BaseConnection->query('SELECT `tb_memb...', Array, false)
#4 C:\Users\USER\Documents\Elecomp Indonesia\GESID\gesid_portal (2)\gesid.id\system\Model.php(330): CodeIgniter\Database\BaseBuilder->get()
#5 C:\Users\USER\Documents\Elecomp Indonesia\GESID\gesid_portal (2)\gesid.id\system\BaseModel.php(717): CodeIgniter\Model->doFirst()
#6 C:\Users\USER\Documents\Elecomp Indonesia\GESID\gesid_portal (2)\gesid.id\app\Controllers\MemberController.php(265): CodeIgniter\BaseModel->first()
#7 C:\Users\USER\Documents\Elecomp Indonesia\GESID\gesid_portal (2)\gesid.id\system\CodeIgniter.php(933): App\Controllers\MemberController->downloadCard()
#8 C:\Users\USER\Documents\Elecomp Indonesia\GESID\gesid_portal (2)\gesid.id\system\CodeIgniter.php(507): CodeIgniter\CodeIgniter->runController(Object(App\Controllers\MemberController))
#9 C:\Users\USER\Documents\Elecomp Indonesia\GESID\gesid_portal (2)\gesid.id\system\CodeIgniter.php(354): CodeIgniter\CodeIgniter->handleRequest(NULL, Object(Config\Cache), false)
#10 C:\Users\USER\Documents\Elecomp Indonesia\GESID\gesid_portal (2)\gesid.id\system\Boot.php(334): CodeIgniter\CodeIgniter->run()
#11 C:\Users\USER\Documents\Elecomp Indonesia\GESID\gesid_portal (2)\gesid.id\system\Boot.php(67): CodeIgniter\Boot::runCodeIgniter(Object(CodeIgniter\CodeIgniter))
#12 C:\Users\USER\Documents\Elecomp Indonesia\GESID\gesid_portal (2)\gesid.id\public\index.php(59): CodeIgniter\Boot::bootWeb(Object(Config\Paths))
#13 C:\Users\USER\Documents\Elecomp Indonesia\GESID\gesid_portal (2)\gesid.id\system\rewrite.php(44): require_once('C:\\Users\\USER\\D...')
#14 {main}
CRITICAL - 2025-10-06 06:05:47 --> CodeIgniter\Database\Exceptions\DatabaseException: Unknown column 'desa.id_desa_kelurahan' in 'on clause'
[Method: GET, Route: member/downloadCard]
in SYSTEMPATH\Database\BaseConnection.php on line 692.
 1 SYSTEMPATH\Database\BaseBuilder.php(1649): CodeIgniter\Database\BaseConnection->query('SELECT `tb_members`.*, `provinsi`.`nama_provinsi`, `kota`.`nama_kota`, `desa`.`nama_desa`
FROM `tb_members`
LEFT JOIN `tb_provinsi` AS `provinsi` ON `provinsi`.`id_provinsi` = `tb_members`.`id_provinsi`
LEFT JOIN `tb_kota_kabupaten` AS `kota` ON `kota`.`id_kota` = `tb_members`.`id_kota`
LEFT JOIN `tb_desa_kelurahan` AS `desa` ON `desa`.`id_desa_kelurahan` = `members`.`id_desa`
WHERE `tb_members`.`id` = :tb_members.id:
 LIMIT 1', [...], false)
 2 SYSTEMPATH\Model.php(330): CodeIgniter\Database\BaseBuilder->get()
 3 SYSTEMPATH\BaseModel.php(717): CodeIgniter\Model->doFirst()
 4 APPPATH\Controllers\MemberController.php(265): CodeIgniter\BaseModel->first()
 5 SYSTEMPATH\CodeIgniter.php(933): App\Controllers\MemberController->downloadCard()
 6 SYSTEMPATH\CodeIgniter.php(507): CodeIgniter\CodeIgniter->runController(Object(App\Controllers\MemberController))
 7 SYSTEMPATH\CodeIgniter.php(354): CodeIgniter\CodeIgniter->handleRequest(null, Object(Config\Cache), false)
 8 SYSTEMPATH\Boot.php(334): CodeIgniter\CodeIgniter->run()
 9 SYSTEMPATH\Boot.php(67): CodeIgniter\Boot::runCodeIgniter(Object(CodeIgniter\CodeIgniter))
10 FCPATH\index.php(59): CodeIgniter\Boot::bootWeb(Object(Config\Paths))
11 SYSTEMPATH\rewrite.php(44): require_once('C:\\Users\\USER\\Documents\\Elecomp Indonesia\\GESID\\gesid_portal (2)\\gesid.id\\public\\index.php')
CRITICAL - 2025-10-06 06:05:47 --> [Caused by] CodeIgniter\Database\Exceptions\DatabaseException: Unknown column 'desa.id_desa_kelurahan' in 'on clause'
in SYSTEMPATH\Database\MySQLi\Connection.php on line 332.
 1 SYSTEMPATH\Database\BaseConnection.php(738): CodeIgniter\Database\MySQLi\Connection->execute('SELECT `tb_members`.*, `provinsi`.`nama_provinsi`, `kota`.`nama_kota`, `desa`.`nama_desa`
FROM `tb_members`
LEFT JOIN `tb_provinsi` AS `provinsi` ON `provinsi`.`id_provinsi` = `tb_members`.`id_provinsi`
LEFT JOIN `tb_kota_kabupaten` AS `kota` ON `kota`.`id_kota` = `tb_members`.`id_kota`
LEFT JOIN `tb_desa_kelurahan` AS `desa` ON `desa`.`id_desa_kelurahan` = `members`.`id_desa`
WHERE `tb_members`.`id` = \'16\'
 LIMIT 1')
 2 SYSTEMPATH\Database\BaseConnection.php(652): CodeIgniter\Database\BaseConnection->simpleQuery('SELECT `tb_members`.*, `provinsi`.`nama_provinsi`, `kota`.`nama_kota`, `desa`.`nama_desa`
FROM `tb_members`
LEFT JOIN `tb_provinsi` AS `provinsi` ON `provinsi`.`id_provinsi` = `tb_members`.`id_provinsi`
LEFT JOIN `tb_kota_kabupaten` AS `kota` ON `kota`.`id_kota` = `tb_members`.`id_kota`
LEFT JOIN `tb_desa_kelurahan` AS `desa` ON `desa`.`id_desa_kelurahan` = `members`.`id_desa`
WHERE `tb_members`.`id` = \'16\'
 LIMIT 1')
 3 SYSTEMPATH\Database\BaseBuilder.php(1649): CodeIgniter\Database\BaseConnection->query('SELECT `tb_members`.*, `provinsi`.`nama_provinsi`, `kota`.`nama_kota`, `desa`.`nama_desa`
FROM `tb_members`
LEFT JOIN `tb_provinsi` AS `provinsi` ON `provinsi`.`id_provinsi` = `tb_members`.`id_provinsi`
LEFT JOIN `tb_kota_kabupaten` AS `kota` ON `kota`.`id_kota` = `tb_members`.`id_kota`
LEFT JOIN `tb_desa_kelurahan` AS `desa` ON `desa`.`id_desa_kelurahan` = `members`.`id_desa`
WHERE `tb_members`.`id` = :tb_members.id:
 LIMIT 1', [...], false)
 4 SYSTEMPATH\Model.php(330): CodeIgniter\Database\BaseBuilder->get()
 5 SYSTEMPATH\BaseModel.php(717): CodeIgniter\Model->doFirst()
 6 APPPATH\Controllers\MemberController.php(265): CodeIgniter\BaseModel->first()
 7 SYSTEMPATH\CodeIgniter.php(933): App\Controllers\MemberController->downloadCard()
 8 SYSTEMPATH\CodeIgniter.php(507): CodeIgniter\CodeIgniter->runController(Object(App\Controllers\MemberController))
 9 SYSTEMPATH\CodeIgniter.php(354): CodeIgniter\CodeIgniter->handleRequest(null, Object(Config\Cache), false)
10 SYSTEMPATH\Boot.php(334): CodeIgniter\CodeIgniter->run()
11 SYSTEMPATH\Boot.php(67): CodeIgniter\Boot::runCodeIgniter(Object(CodeIgniter\CodeIgniter))
12 FCPATH\index.php(59): CodeIgniter\Boot::bootWeb(Object(Config\Paths))
13 SYSTEMPATH\rewrite.php(44): require_once('C:\\Users\\USER\\Documents\\Elecomp Indonesia\\GESID\\gesid_portal (2)\\gesid.id\\public\\index.php')
CRITICAL - 2025-10-06 06:05:47 --> [Caused by] mysqli_sql_exception: Unknown column 'desa.id_desa_kelurahan' in 'on clause'
in SYSTEMPATH\Database\MySQLi\Connection.php on line 327.
 1 SYSTEMPATH\Database\MySQLi\Connection.php(327): mysqli->query('SELECT `tb_members`.*, `provinsi`.`nama_provinsi`, `kota`.`nama_kota`, `desa`.`nama_desa`
FROM `tb_members`
LEFT JOIN `tb_provinsi` AS `provinsi` ON `provinsi`.`id_provinsi` = `tb_members`.`id_provinsi`
LEFT JOIN `tb_kota_kabupaten` AS `kota` ON `kota`.`id_kota` = `tb_members`.`id_kota`
LEFT JOIN `tb_desa_kelurahan` AS `desa` ON `desa`.`id_desa_kelurahan` = `members`.`id_desa`
WHERE `tb_members`.`id` = \'16\'
 LIMIT 1', 0)
 2 SYSTEMPATH\Database\BaseConnection.php(738): CodeIgniter\Database\MySQLi\Connection->execute('SELECT `tb_members`.*, `provinsi`.`nama_provinsi`, `kota`.`nama_kota`, `desa`.`nama_desa`
FROM `tb_members`
LEFT JOIN `tb_provinsi` AS `provinsi` ON `provinsi`.`id_provinsi` = `tb_members`.`id_provinsi`
LEFT JOIN `tb_kota_kabupaten` AS `kota` ON `kota`.`id_kota` = `tb_members`.`id_kota`
LEFT JOIN `tb_desa_kelurahan` AS `desa` ON `desa`.`id_desa_kelurahan` = `members`.`id_desa`
WHERE `tb_members`.`id` = \'16\'
 LIMIT 1')
 3 SYSTEMPATH\Database\BaseConnection.php(652): CodeIgniter\Database\BaseConnection->simpleQuery('SELECT `tb_members`.*, `provinsi`.`nama_provinsi`, `kota`.`nama_kota`, `desa`.`nama_desa`
FROM `tb_members`
LEFT JOIN `tb_provinsi` AS `provinsi` ON `provinsi`.`id_provinsi` = `tb_members`.`id_provinsi`
LEFT JOIN `tb_kota_kabupaten` AS `kota` ON `kota`.`id_kota` = `tb_members`.`id_kota`
LEFT JOIN `tb_desa_kelurahan` AS `desa` ON `desa`.`id_desa_kelurahan` = `members`.`id_desa`
WHERE `tb_members`.`id` = \'16\'
 LIMIT 1')
 4 SYSTEMPATH\Database\BaseBuilder.php(1649): CodeIgniter\Database\BaseConnection->query('SELECT `tb_members`.*, `provinsi`.`nama_provinsi`, `kota`.`nama_kota`, `desa`.`nama_desa`
FROM `tb_members`
LEFT JOIN `tb_provinsi` AS `provinsi` ON `provinsi`.`id_provinsi` = `tb_members`.`id_provinsi`
LEFT JOIN `tb_kota_kabupaten` AS `kota` ON `kota`.`id_kota` = `tb_members`.`id_kota`
LEFT JOIN `tb_desa_kelurahan` AS `desa` ON `desa`.`id_desa_kelurahan` = `members`.`id_desa`
WHERE `tb_members`.`id` = :tb_members.id:
 LIMIT 1', [...], false)
 5 SYSTEMPATH\Model.php(330): CodeIgniter\Database\BaseBuilder->get()
 6 SYSTEMPATH\BaseModel.php(717): CodeIgniter\Model->doFirst()
 7 APPPATH\Controllers\MemberController.php(265): CodeIgniter\BaseModel->first()
 8 SYSTEMPATH\CodeIgniter.php(933): App\Controllers\MemberController->downloadCard()
 9 SYSTEMPATH\CodeIgniter.php(507): CodeIgniter\CodeIgniter->runController(Object(App\Controllers\MemberController))
10 SYSTEMPATH\CodeIgniter.php(354): CodeIgniter\CodeIgniter->handleRequest(null, Object(Config\Cache), false)
11 SYSTEMPATH\Boot.php(334): CodeIgniter\CodeIgniter->run()
12 SYSTEMPATH\Boot.php(67): CodeIgniter\Boot::runCodeIgniter(Object(CodeIgniter\CodeIgniter))
13 FCPATH\index.php(59): CodeIgniter\Boot::bootWeb(Object(Config\Paths))
14 SYSTEMPATH\rewrite.php(44): require_once('C:\\Users\\USER\\Documents\\Elecomp Indonesia\\GESID\\gesid_portal (2)\\gesid.id\\public\\index.php')
DEBUG - 2025-10-06 06:06:11 --> Session: Class initialized using 'CodeIgniter\Session\Handlers\FileHandler' driver.
ERROR - 2025-10-06 06:06:11 --> mysqli_sql_exception: Unknown column 'tb_desa_kelurahan.id_desa' in 'on clause' in C:\Users\USER\Documents\Elecomp Indonesia\GESID\gesid_portal (2)\gesid.id\system\Database\MySQLi\Connection.php:327
Stack trace:
#0 C:\Users\USER\Documents\Elecomp Indonesia\GESID\gesid_portal (2)\gesid.id\system\Database\MySQLi\Connection.php(327): mysqli->query('SELECT `tb_memb...', 0)
#1 C:\Users\USER\Documents\Elecomp Indonesia\GESID\gesid_portal (2)\gesid.id\system\Database\BaseConnection.php(738): CodeIgniter\Database\MySQLi\Connection->execute('SELECT `tb_memb...')
#2 C:\Users\USER\Documents\Elecomp Indonesia\GESID\gesid_portal (2)\gesid.id\system\Database\BaseConnection.php(652): CodeIgniter\Database\BaseConnection->simpleQuery('SELECT `tb_memb...')
#3 C:\Users\USER\Documents\Elecomp Indonesia\GESID\gesid_portal (2)\gesid.id\system\Database\BaseBuilder.php(1649): CodeIgniter\Database\BaseConnection->query('SELECT `tb_memb...', Array, false)
#4 C:\Users\USER\Documents\Elecomp Indonesia\GESID\gesid_portal (2)\gesid.id\system\Model.php(330): CodeIgniter\Database\BaseBuilder->get()
#5 C:\Users\USER\Documents\Elecomp Indonesia\GESID\gesid_portal (2)\gesid.id\system\BaseModel.php(717): CodeIgniter\Model->doFirst()
#6 C:\Users\USER\Documents\Elecomp Indonesia\GESID\gesid_portal (2)\gesid.id\app\Controllers\MemberController.php(265): CodeIgniter\BaseModel->first()
#7 C:\Users\USER\Documents\Elecomp Indonesia\GESID\gesid_portal (2)\gesid.id\system\CodeIgniter.php(933): App\Controllers\MemberController->downloadCard()
#8 C:\Users\USER\Documents\Elecomp Indonesia\GESID\gesid_portal (2)\gesid.id\system\CodeIgniter.php(507): CodeIgniter\CodeIgniter->runController(Object(App\Controllers\MemberController))
#9 C:\Users\USER\Documents\Elecomp Indonesia\GESID\gesid_portal (2)\gesid.id\system\CodeIgniter.php(354): CodeIgniter\CodeIgniter->handleRequest(NULL, Object(Config\Cache), false)
#10 C:\Users\USER\Documents\Elecomp Indonesia\GESID\gesid_portal (2)\gesid.id\system\Boot.php(334): CodeIgniter\CodeIgniter->run()
#11 C:\Users\USER\Documents\Elecomp Indonesia\GESID\gesid_portal (2)\gesid.id\system\Boot.php(67): CodeIgniter\Boot::runCodeIgniter(Object(CodeIgniter\CodeIgniter))
#12 C:\Users\USER\Documents\Elecomp Indonesia\GESID\gesid_portal (2)\gesid.id\public\index.php(59): CodeIgniter\Boot::bootWeb(Object(Config\Paths))
#13 C:\Users\USER\Documents\Elecomp Indonesia\GESID\gesid_portal (2)\gesid.id\system\rewrite.php(44): require_once('C:\\Users\\USER\\D...')
#14 {main}
CRITICAL - 2025-10-06 06:06:11 --> CodeIgniter\Database\Exceptions\DatabaseException: Unknown column 'tb_desa_kelurahan.id_desa' in 'on clause'
[Method: GET, Route: member/downloadCard]
in SYSTEMPATH\Database\BaseConnection.php on line 692.
 1 SYSTEMPATH\Database\BaseBuilder.php(1649): CodeIgniter\Database\BaseConnection->query('SELECT `tb_members`.*, `provinsi`.`nama_provinsi`, `kota`.`nama_kota`, `desa`.`nama_desa`
FROM `tb_members`
LEFT JOIN `tb_provinsi` AS `provinsi` ON `provinsi`.`id_provinsi` = `tb_members`.`id_provinsi`
LEFT JOIN `tb_kota_kabupaten` AS `kota` ON `kota`.`id_kota` = `tb_members`.`id_kota`
LEFT JOIN `tb_desa_kelurahan` AS `desa` ON `tb_desa_kelurahan`.`id_desa` = `members`.`id_desa`
WHERE `tb_members`.`id` = :tb_members.id:
 LIMIT 1', [...], false)
 2 SYSTEMPATH\Model.php(330): CodeIgniter\Database\BaseBuilder->get()
 3 SYSTEMPATH\BaseModel.php(717): CodeIgniter\Model->doFirst()
 4 APPPATH\Controllers\MemberController.php(265): CodeIgniter\BaseModel->first()
 5 SYSTEMPATH\CodeIgniter.php(933): App\Controllers\MemberController->downloadCard()
 6 SYSTEMPATH\CodeIgniter.php(507): CodeIgniter\CodeIgniter->runController(Object(App\Controllers\MemberController))
 7 SYSTEMPATH\CodeIgniter.php(354): CodeIgniter\CodeIgniter->handleRequest(null, Object(Config\Cache), false)
 8 SYSTEMPATH\Boot.php(334): CodeIgniter\CodeIgniter->run()
 9 SYSTEMPATH\Boot.php(67): CodeIgniter\Boot::runCodeIgniter(Object(CodeIgniter\CodeIgniter))
10 FCPATH\index.php(59): CodeIgniter\Boot::bootWeb(Object(Config\Paths))
11 SYSTEMPATH\rewrite.php(44): require_once('C:\\Users\\USER\\Documents\\Elecomp Indonesia\\GESID\\gesid_portal (2)\\gesid.id\\public\\index.php')
CRITICAL - 2025-10-06 06:06:11 --> [Caused by] CodeIgniter\Database\Exceptions\DatabaseException: Unknown column 'tb_desa_kelurahan.id_desa' in 'on clause'
in SYSTEMPATH\Database\MySQLi\Connection.php on line 332.
 1 SYSTEMPATH\Database\BaseConnection.php(738): CodeIgniter\Database\MySQLi\Connection->execute('SELECT `tb_members`.*, `provinsi`.`nama_provinsi`, `kota`.`nama_kota`, `desa`.`nama_desa`
FROM `tb_members`
LEFT JOIN `tb_provinsi` AS `provinsi` ON `provinsi`.`id_provinsi` = `tb_members`.`id_provinsi`
LEFT JOIN `tb_kota_kabupaten` AS `kota` ON `kota`.`id_kota` = `tb_members`.`id_kota`
LEFT JOIN `tb_desa_kelurahan` AS `desa` ON `tb_desa_kelurahan`.`id_desa` = `members`.`id_desa`
WHERE `tb_members`.`id` = \'16\'
 LIMIT 1')
 2 SYSTEMPATH\Database\BaseConnection.php(652): CodeIgniter\Database\BaseConnection->simpleQuery('SELECT `tb_members`.*, `provinsi`.`nama_provinsi`, `kota`.`nama_kota`, `desa`.`nama_desa`
FROM `tb_members`
LEFT JOIN `tb_provinsi` AS `provinsi` ON `provinsi`.`id_provinsi` = `tb_members`.`id_provinsi`
LEFT JOIN `tb_kota_kabupaten` AS `kota` ON `kota`.`id_kota` = `tb_members`.`id_kota`
LEFT JOIN `tb_desa_kelurahan` AS `desa` ON `tb_desa_kelurahan`.`id_desa` = `members`.`id_desa`
WHERE `tb_members`.`id` = \'16\'
 LIMIT 1')
 3 SYSTEMPATH\Database\BaseBuilder.php(1649): CodeIgniter\Database\BaseConnection->query('SELECT `tb_members`.*, `provinsi`.`nama_provinsi`, `kota`.`nama_kota`, `desa`.`nama_desa`
FROM `tb_members`
LEFT JOIN `tb_provinsi` AS `provinsi` ON `provinsi`.`id_provinsi` = `tb_members`.`id_provinsi`
LEFT JOIN `tb_kota_kabupaten` AS `kota` ON `kota`.`id_kota` = `tb_members`.`id_kota`
LEFT JOIN `tb_desa_kelurahan` AS `desa` ON `tb_desa_kelurahan`.`id_desa` = `members`.`id_desa`
WHERE `tb_members`.`id` = :tb_members.id:
 LIMIT 1', [...], false)
 4 SYSTEMPATH\Model.php(330): CodeIgniter\Database\BaseBuilder->get()
 5 SYSTEMPATH\BaseModel.php(717): CodeIgniter\Model->doFirst()
 6 APPPATH\Controllers\MemberController.php(265): CodeIgniter\BaseModel->first()
 7 SYSTEMPATH\CodeIgniter.php(933): App\Controllers\MemberController->downloadCard()
 8 SYSTEMPATH\CodeIgniter.php(507): CodeIgniter\CodeIgniter->runController(Object(App\Controllers\MemberController))
 9 SYSTEMPATH\CodeIgniter.php(354): CodeIgniter\CodeIgniter->handleRequest(null, Object(Config\Cache), false)
10 SYSTEMPATH\Boot.php(334): CodeIgniter\CodeIgniter->run()
11 SYSTEMPATH\Boot.php(67): CodeIgniter\Boot::runCodeIgniter(Object(CodeIgniter\CodeIgniter))
12 FCPATH\index.php(59): CodeIgniter\Boot::bootWeb(Object(Config\Paths))
13 SYSTEMPATH\rewrite.php(44): require_once('C:\\Users\\USER\\Documents\\Elecomp Indonesia\\GESID\\gesid_portal (2)\\gesid.id\\public\\index.php')
CRITICAL - 2025-10-06 06:06:11 --> [Caused by] mysqli_sql_exception: Unknown column 'tb_desa_kelurahan.id_desa' in 'on clause'
in SYSTEMPATH\Database\MySQLi\Connection.php on line 327.
 1 SYSTEMPATH\Database\MySQLi\Connection.php(327): mysqli->query('SELECT `tb_members`.*, `provinsi`.`nama_provinsi`, `kota`.`nama_kota`, `desa`.`nama_desa`
FROM `tb_members`
LEFT JOIN `tb_provinsi` AS `provinsi` ON `provinsi`.`id_provinsi` = `tb_members`.`id_provinsi`
LEFT JOIN `tb_kota_kabupaten` AS `kota` ON `kota`.`id_kota` = `tb_members`.`id_kota`
LEFT JOIN `tb_desa_kelurahan` AS `desa` ON `tb_desa_kelurahan`.`id_desa` = `members`.`id_desa`
WHERE `tb_members`.`id` = \'16\'
 LIMIT 1', 0)
 2 SYSTEMPATH\Database\BaseConnection.php(738): CodeIgniter\Database\MySQLi\Connection->execute('SELECT `tb_members`.*, `provinsi`.`nama_provinsi`, `kota`.`nama_kota`, `desa`.`nama_desa`
FROM `tb_members`
LEFT JOIN `tb_provinsi` AS `provinsi` ON `provinsi`.`id_provinsi` = `tb_members`.`id_provinsi`
LEFT JOIN `tb_kota_kabupaten` AS `kota` ON `kota`.`id_kota` = `tb_members`.`id_kota`
LEFT JOIN `tb_desa_kelurahan` AS `desa` ON `tb_desa_kelurahan`.`id_desa` = `members`.`id_desa`
WHERE `tb_members`.`id` = \'16\'
 LIMIT 1')
 3 SYSTEMPATH\Database\BaseConnection.php(652): CodeIgniter\Database\BaseConnection->simpleQuery('SELECT `tb_members`.*, `provinsi`.`nama_provinsi`, `kota`.`nama_kota`, `desa`.`nama_desa`
FROM `tb_members`
LEFT JOIN `tb_provinsi` AS `provinsi` ON `provinsi`.`id_provinsi` = `tb_members`.`id_provinsi`
LEFT JOIN `tb_kota_kabupaten` AS `kota` ON `kota`.`id_kota` = `tb_members`.`id_kota`
LEFT JOIN `tb_desa_kelurahan` AS `desa` ON `tb_desa_kelurahan`.`id_desa` = `members`.`id_desa`
WHERE `tb_members`.`id` = \'16\'
 LIMIT 1')
 4 SYSTEMPATH\Database\BaseBuilder.php(1649): CodeIgniter\Database\BaseConnection->query('SELECT `tb_members`.*, `provinsi`.`nama_provinsi`, `kota`.`nama_kota`, `desa`.`nama_desa`
FROM `tb_members`
LEFT JOIN `tb_provinsi` AS `provinsi` ON `provinsi`.`id_provinsi` = `tb_members`.`id_provinsi`
LEFT JOIN `tb_kota_kabupaten` AS `kota` ON `kota`.`id_kota` = `tb_members`.`id_kota`
LEFT JOIN `tb_desa_kelurahan` AS `desa` ON `tb_desa_kelurahan`.`id_desa` = `members`.`id_desa`
WHERE `tb_members`.`id` = :tb_members.id:
 LIMIT 1', [...], false)
 5 SYSTEMPATH\Model.php(330): CodeIgniter\Database\BaseBuilder->get()
 6 SYSTEMPATH\BaseModel.php(717): CodeIgniter\Model->doFirst()
 7 APPPATH\Controllers\MemberController.php(265): CodeIgniter\BaseModel->first()
 8 SYSTEMPATH\CodeIgniter.php(933): App\Controllers\MemberController->downloadCard()
 9 SYSTEMPATH\CodeIgniter.php(507): CodeIgniter\CodeIgniter->runController(Object(App\Controllers\MemberController))
10 SYSTEMPATH\CodeIgniter.php(354): CodeIgniter\CodeIgniter->handleRequest(null, Object(Config\Cache), false)
11 SYSTEMPATH\Boot.php(334): CodeIgniter\CodeIgniter->run()
12 SYSTEMPATH\Boot.php(67): CodeIgniter\Boot::runCodeIgniter(Object(CodeIgniter\CodeIgniter))
13 FCPATH\index.php(59): CodeIgniter\Boot::bootWeb(Object(Config\Paths))
14 SYSTEMPATH\rewrite.php(44): require_once('C:\\Users\\USER\\Documents\\Elecomp Indonesia\\GESID\\gesid_portal (2)\\gesid.id\\public\\index.php')
DEBUG - 2025-10-06 06:06:21 --> Session: Class initialized using 'CodeIgniter\Session\Handlers\FileHandler' driver.
ERROR - 2025-10-06 06:06:21 --> mysqli_sql_exception: Unknown column 'members.id_desa' in 'on clause' in C:\Users\USER\Documents\Elecomp Indonesia\GESID\gesid_portal (2)\gesid.id\system\Database\MySQLi\Connection.php:327
Stack trace:
#0 C:\Users\USER\Documents\Elecomp Indonesia\GESID\gesid_portal (2)\gesid.id\system\Database\MySQLi\Connection.php(327): mysqli->query('SELECT `tb_memb...', 0)
#1 C:\Users\USER\Documents\Elecomp Indonesia\GESID\gesid_portal (2)\gesid.id\system\Database\BaseConnection.php(738): CodeIgniter\Database\MySQLi\Connection->execute('SELECT `tb_memb...')
#2 C:\Users\USER\Documents\Elecomp Indonesia\GESID\gesid_portal (2)\gesid.id\system\Database\BaseConnection.php(652): CodeIgniter\Database\BaseConnection->simpleQuery('SELECT `tb_memb...')
#3 C:\Users\USER\Documents\Elecomp Indonesia\GESID\gesid_portal (2)\gesid.id\system\Database\BaseBuilder.php(1649): CodeIgniter\Database\BaseConnection->query('SELECT `tb_memb...', Array, false)
#4 C:\Users\USER\Documents\Elecomp Indonesia\GESID\gesid_portal (2)\gesid.id\system\Model.php(330): CodeIgniter\Database\BaseBuilder->get()
#5 C:\Users\USER\Documents\Elecomp Indonesia\GESID\gesid_portal (2)\gesid.id\system\BaseModel.php(717): CodeIgniter\Model->doFirst()
#6 C:\Users\USER\Documents\Elecomp Indonesia\GESID\gesid_portal (2)\gesid.id\app\Controllers\MemberController.php(265): CodeIgniter\BaseModel->first()
#7 C:\Users\USER\Documents\Elecomp Indonesia\GESID\gesid_portal (2)\gesid.id\system\CodeIgniter.php(933): App\Controllers\MemberController->downloadCard()
#8 C:\Users\USER\Documents\Elecomp Indonesia\GESID\gesid_portal (2)\gesid.id\system\CodeIgniter.php(507): CodeIgniter\CodeIgniter->runController(Object(App\Controllers\MemberController))
#9 C:\Users\USER\Documents\Elecomp Indonesia\GESID\gesid_portal (2)\gesid.id\system\CodeIgniter.php(354): CodeIgniter\CodeIgniter->handleRequest(NULL, Object(Config\Cache), false)
#10 C:\Users\USER\Documents\Elecomp Indonesia\GESID\gesid_portal (2)\gesid.id\system\Boot.php(334): CodeIgniter\CodeIgniter->run()
#11 C:\Users\USER\Documents\Elecomp Indonesia\GESID\gesid_portal (2)\gesid.id\system\Boot.php(67): CodeIgniter\Boot::runCodeIgniter(Object(CodeIgniter\CodeIgniter))
#12 C:\Users\USER\Documents\Elecomp Indonesia\GESID\gesid_portal (2)\gesid.id\public\index.php(59): CodeIgniter\Boot::bootWeb(Object(Config\Paths))
#13 C:\Users\USER\Documents\Elecomp Indonesia\GESID\gesid_portal (2)\gesid.id\system\rewrite.php(44): require_once('C:\\Users\\USER\\D...')
#14 {main}
CRITICAL - 2025-10-06 06:06:21 --> CodeIgniter\Database\Exceptions\DatabaseException: Unknown column 'members.id_desa' in 'on clause'
[Method: GET, Route: member/downloadCard]
in SYSTEMPATH\Database\BaseConnection.php on line 692.
 1 SYSTEMPATH\Database\BaseBuilder.php(1649): CodeIgniter\Database\BaseConnection->query('SELECT `tb_members`.*, `provinsi`.`nama_provinsi`, `kota`.`nama_kota`, `desa`.`nama_desa`
FROM `tb_members`
LEFT JOIN `tb_provinsi` AS `provinsi` ON `provinsi`.`id_provinsi` = `tb_members`.`id_provinsi`
LEFT JOIN `tb_kota_kabupaten` AS `kota` ON `kota`.`id_kota` = `tb_members`.`id_kota`
LEFT JOIN `tb_desa_kelurahan` AS `desa` ON `desa`.`id_desa` = `members`.`id_desa`
WHERE `tb_members`.`id` = :tb_members.id:
 LIMIT 1', [...], false)
 2 SYSTEMPATH\Model.php(330): CodeIgniter\Database\BaseBuilder->get()
 3 SYSTEMPATH\BaseModel.php(717): CodeIgniter\Model->doFirst()
 4 APPPATH\Controllers\MemberController.php(265): CodeIgniter\BaseModel->first()
 5 SYSTEMPATH\CodeIgniter.php(933): App\Controllers\MemberController->downloadCard()
 6 SYSTEMPATH\CodeIgniter.php(507): CodeIgniter\CodeIgniter->runController(Object(App\Controllers\MemberController))
 7 SYSTEMPATH\CodeIgniter.php(354): CodeIgniter\CodeIgniter->handleRequest(null, Object(Config\Cache), false)
 8 SYSTEMPATH\Boot.php(334): CodeIgniter\CodeIgniter->run()
 9 SYSTEMPATH\Boot.php(67): CodeIgniter\Boot::runCodeIgniter(Object(CodeIgniter\CodeIgniter))
10 FCPATH\index.php(59): CodeIgniter\Boot::bootWeb(Object(Config\Paths))
11 SYSTEMPATH\rewrite.php(44): require_once('C:\\Users\\USER\\Documents\\Elecomp Indonesia\\GESID\\gesid_portal (2)\\gesid.id\\public\\index.php')
CRITICAL - 2025-10-06 06:06:21 --> [Caused by] CodeIgniter\Database\Exceptions\DatabaseException: Unknown column 'members.id_desa' in 'on clause'
in SYSTEMPATH\Database\MySQLi\Connection.php on line 332.
 1 SYSTEMPATH\Database\BaseConnection.php(738): CodeIgniter\Database\MySQLi\Connection->execute('SELECT `tb_members`.*, `provinsi`.`nama_provinsi`, `kota`.`nama_kota`, `desa`.`nama_desa`
FROM `tb_members`
LEFT JOIN `tb_provinsi` AS `provinsi` ON `provinsi`.`id_provinsi` = `tb_members`.`id_provinsi`
LEFT JOIN `tb_kota_kabupaten` AS `kota` ON `kota`.`id_kota` = `tb_members`.`id_kota`
LEFT JOIN `tb_desa_kelurahan` AS `desa` ON `desa`.`id_desa` = `members`.`id_desa`
WHERE `tb_members`.`id` = \'16\'
 LIMIT 1')
 2 SYSTEMPATH\Database\BaseConnection.php(652): CodeIgniter\Database\BaseConnection->simpleQuery('SELECT `tb_members`.*, `provinsi`.`nama_provinsi`, `kota`.`nama_kota`, `desa`.`nama_desa`
FROM `tb_members`
LEFT JOIN `tb_provinsi` AS `provinsi` ON `provinsi`.`id_provinsi` = `tb_members`.`id_provinsi`
LEFT JOIN `tb_kota_kabupaten` AS `kota` ON `kota`.`id_kota` = `tb_members`.`id_kota`
LEFT JOIN `tb_desa_kelurahan` AS `desa` ON `desa`.`id_desa` = `members`.`id_desa`
WHERE `tb_members`.`id` = \'16\'
 LIMIT 1')
 3 SYSTEMPATH\Database\BaseBuilder.php(1649): CodeIgniter\Database\BaseConnection->query('SELECT `tb_members`.*, `provinsi`.`nama_provinsi`, `kota`.`nama_kota`, `desa`.`nama_desa`
FROM `tb_members`
LEFT JOIN `tb_provinsi` AS `provinsi` ON `provinsi`.`id_provinsi` = `tb_members`.`id_provinsi`
LEFT JOIN `tb_kota_kabupaten` AS `kota` ON `kota`.`id_kota` = `tb_members`.`id_kota`
LEFT JOIN `tb_desa_kelurahan` AS `desa` ON `desa`.`id_desa` = `members`.`id_desa`
WHERE `tb_members`.`id` = :tb_members.id:
 LIMIT 1', [...], false)
 4 SYSTEMPATH\Model.php(330): CodeIgniter\Database\BaseBuilder->get()
 5 SYSTEMPATH\BaseModel.php(717): CodeIgniter\Model->doFirst()
 6 APPPATH\Controllers\MemberController.php(265): CodeIgniter\BaseModel->first()
 7 SYSTEMPATH\CodeIgniter.php(933): App\Controllers\MemberController->downloadCard()
 8 SYSTEMPATH\CodeIgniter.php(507): CodeIgniter\CodeIgniter->runController(Object(App\Controllers\MemberController))
 9 SYSTEMPATH\CodeIgniter.php(354): CodeIgniter\CodeIgniter->handleRequest(null, Object(Config\Cache), false)
10 SYSTEMPATH\Boot.php(334): CodeIgniter\CodeIgniter->run()
11 SYSTEMPATH\Boot.php(67): CodeIgniter\Boot::runCodeIgniter(Object(CodeIgniter\CodeIgniter))
12 FCPATH\index.php(59): CodeIgniter\Boot::bootWeb(Object(Config\Paths))
13 SYSTEMPATH\rewrite.php(44): require_once('C:\\Users\\USER\\Documents\\Elecomp Indonesia\\GESID\\gesid_portal (2)\\gesid.id\\public\\index.php')
CRITICAL - 2025-10-06 06:06:21 --> [Caused by] mysqli_sql_exception: Unknown column 'members.id_desa' in 'on clause'
in SYSTEMPATH\Database\MySQLi\Connection.php on line 327.
 1 SYSTEMPATH\Database\MySQLi\Connection.php(327): mysqli->query('SELECT `tb_members`.*, `provinsi`.`nama_provinsi`, `kota`.`nama_kota`, `desa`.`nama_desa`
FROM `tb_members`
LEFT JOIN `tb_provinsi` AS `provinsi` ON `provinsi`.`id_provinsi` = `tb_members`.`id_provinsi`
LEFT JOIN `tb_kota_kabupaten` AS `kota` ON `kota`.`id_kota` = `tb_members`.`id_kota`
LEFT JOIN `tb_desa_kelurahan` AS `desa` ON `desa`.`id_desa` = `members`.`id_desa`
WHERE `tb_members`.`id` = \'16\'
 LIMIT 1', 0)
 2 SYSTEMPATH\Database\BaseConnection.php(738): CodeIgniter\Database\MySQLi\Connection->execute('SELECT `tb_members`.*, `provinsi`.`nama_provinsi`, `kota`.`nama_kota`, `desa`.`nama_desa`
FROM `tb_members`
LEFT JOIN `tb_provinsi` AS `provinsi` ON `provinsi`.`id_provinsi` = `tb_members`.`id_provinsi`
LEFT JOIN `tb_kota_kabupaten` AS `kota` ON `kota`.`id_kota` = `tb_members`.`id_kota`
LEFT JOIN `tb_desa_kelurahan` AS `desa` ON `desa`.`id_desa` = `members`.`id_desa`
WHERE `tb_members`.`id` = \'16\'
 LIMIT 1')
 3 SYSTEMPATH\Database\BaseConnection.php(652): CodeIgniter\Database\BaseConnection->simpleQuery('SELECT `tb_members`.*, `provinsi`.`nama_provinsi`, `kota`.`nama_kota`, `desa`.`nama_desa`
FROM `tb_members`
LEFT JOIN `tb_provinsi` AS `provinsi` ON `provinsi`.`id_provinsi` = `tb_members`.`id_provinsi`
LEFT JOIN `tb_kota_kabupaten` AS `kota` ON `kota`.`id_kota` = `tb_members`.`id_kota`
LEFT JOIN `tb_desa_kelurahan` AS `desa` ON `desa`.`id_desa` = `members`.`id_desa`
WHERE `tb_members`.`id` = \'16\'
 LIMIT 1')
 4 SYSTEMPATH\Database\BaseBuilder.php(1649): CodeIgniter\Database\BaseConnection->query('SELECT `tb_members`.*, `provinsi`.`nama_provinsi`, `kota`.`nama_kota`, `desa`.`nama_desa`
FROM `tb_members`
LEFT JOIN `tb_provinsi` AS `provinsi` ON `provinsi`.`id_provinsi` = `tb_members`.`id_provinsi`
LEFT JOIN `tb_kota_kabupaten` AS `kota` ON `kota`.`id_kota` = `tb_members`.`id_kota`
LEFT JOIN `tb_desa_kelurahan` AS `desa` ON `desa`.`id_desa` = `members`.`id_desa`
WHERE `tb_members`.`id` = :tb_members.id:
 LIMIT 1', [...], false)
 5 SYSTEMPATH\Model.php(330): CodeIgniter\Database\BaseBuilder->get()
 6 SYSTEMPATH\BaseModel.php(717): CodeIgniter\Model->doFirst()
 7 APPPATH\Controllers\MemberController.php(265): CodeIgniter\BaseModel->first()
 8 SYSTEMPATH\CodeIgniter.php(933): App\Controllers\MemberController->downloadCard()
 9 SYSTEMPATH\CodeIgniter.php(507): CodeIgniter\CodeIgniter->runController(Object(App\Controllers\MemberController))
10 SYSTEMPATH\CodeIgniter.php(354): CodeIgniter\CodeIgniter->handleRequest(null, Object(Config\Cache), false)
11 SYSTEMPATH\Boot.php(334): CodeIgniter\CodeIgniter->run()
12 SYSTEMPATH\Boot.php(67): CodeIgniter\Boot::runCodeIgniter(Object(CodeIgniter\CodeIgniter))
13 FCPATH\index.php(59): CodeIgniter\Boot::bootWeb(Object(Config\Paths))
14 SYSTEMPATH\rewrite.php(44): require_once('C:\\Users\\USER\\Documents\\Elecomp Indonesia\\GESID\\gesid_portal (2)\\gesid.id\\public\\index.php')
DEBUG - 2025-10-06 06:06:26 --> Session: Class initialized using 'CodeIgniter\Session\Handlers\FileHandler' driver.
CRITICAL - 2025-10-06 06:06:26 --> Error: Class "ZipArchive" not found
[Method: GET, Route: member/downloadCard]
in APPPATH\Controllers\MemberController.php on line 337.
 1 SYSTEMPATH\CodeIgniter.php(933): App\Controllers\MemberController->downloadCard()
 2 SYSTEMPATH\CodeIgniter.php(507): CodeIgniter\CodeIgniter->runController(Object(App\Controllers\MemberController))
 3 SYSTEMPATH\CodeIgniter.php(354): CodeIgniter\CodeIgniter->handleRequest(null, Object(Config\Cache), false)
 4 SYSTEMPATH\Boot.php(334): CodeIgniter\CodeIgniter->run()
 5 SYSTEMPATH\Boot.php(67): CodeIgniter\Boot::runCodeIgniter(Object(CodeIgniter\CodeIgniter))
 6 FCPATH\index.php(59): CodeIgniter\Boot::bootWeb(Object(Config\Paths))
 7 SYSTEMPATH\rewrite.php(44): require_once('C:\\Users\\USER\\Documents\\Elecomp Indonesia\\GESID\\gesid_portal (2)\\gesid.id\\public\\index.php')
DEBUG - 2025-10-06 06:07:09 --> Session: Class initialized using 'CodeIgniter\Session\Handlers\FileHandler' driver.
ERROR - 2025-10-06 06:07:13 --> Error connecting to the database: mysqli_sql_exception: No connection could be made because the target machine actively refused it in C:\Users\USER\Documents\Elecomp Indonesia\GESID\gesid_portal (2)\gesid.id\system\Database\MySQLi\Connection.php:201
Stack trace:
#0 C:\Users\USER\Documents\Elecomp Indonesia\GESID\gesid_portal (2)\gesid.id\system\Database\MySQLi\Connection.php(201): mysqli->real_connect('localhost', 'root', Object(SensitiveParameterValue), 'db_gesid', 3306, '', 0)
#1 C:\Users\USER\Documents\Elecomp Indonesia\GESID\gesid_portal (2)\gesid.id\system\Database\BaseConnection.php(421): CodeIgniter\Database\MySQLi\Connection->connect(false)
#2 C:\Users\USER\Documents\Elecomp Indonesia\GESID\gesid_portal (2)\gesid.id\system\Database\BaseConnection.php(620): CodeIgniter\Database\BaseConnection->initialize()
#3 C:\Users\USER\Documents\Elecomp Indonesia\GESID\gesid_portal (2)\gesid.id\system\Database\BaseBuilder.php(1649): CodeIgniter\Database\BaseConnection->query('SELECT `tb_memb...', Array, false)
#4 C:\Users\USER\Documents\Elecomp Indonesia\GESID\gesid_portal (2)\gesid.id\system\Model.php(330): CodeIgniter\Database\BaseBuilder->get()
#5 C:\Users\USER\Documents\Elecomp Indonesia\GESID\gesid_portal (2)\gesid.id\system\BaseModel.php(717): CodeIgniter\Model->doFirst()
#6 C:\Users\USER\Documents\Elecomp Indonesia\GESID\gesid_portal (2)\gesid.id\app\Controllers\MemberController.php(265): CodeIgniter\BaseModel->first()
#7 C:\Users\USER\Documents\Elecomp Indonesia\GESID\gesid_portal (2)\gesid.id\system\CodeIgniter.php(933): App\Controllers\MemberController->downloadCard()
#8 C:\Users\USER\Documents\Elecomp Indonesia\GESID\gesid_portal (2)\gesid.id\system\CodeIgniter.php(507): CodeIgniter\CodeIgniter->runController(Object(App\Controllers\MemberController))
#9 C:\Users\USER\Documents\Elecomp Indonesia\GESID\gesid_portal (2)\gesid.id\system\CodeIgniter.php(354): CodeIgniter\CodeIgniter->handleRequest(NULL, Object(Config\Cache), false)
#10 C:\Users\USER\Documents\Elecomp Indonesia\GESID\gesid_portal (2)\gesid.id\system\Boot.php(334): CodeIgniter\CodeIgniter->run()
#11 C:\Users\USER\Documents\Elecomp Indonesia\GESID\gesid_portal (2)\gesid.id\system\Boot.php(67): CodeIgniter\Boot::runCodeIgniter(Object(CodeIgniter\CodeIgniter))
#12 C:\Users\USER\Documents\Elecomp Indonesia\GESID\gesid_portal (2)\gesid.id\public\index.php(59): CodeIgniter\Boot::bootWeb(Object(Config\Paths))
#13 C:\Users\USER\Documents\Elecomp Indonesia\GESID\gesid_portal (2)\gesid.id\system\rewrite.php(44): require_once('C:\\Users\\USER\\D...')
#14 {main}

Next CodeIgniter\Database\Exceptions\DatabaseException: No connection could be made because the target machine actively refused it in C:\Users\USER\Documents\Elecomp Indonesia\GESID\gesid_portal (2)\gesid.id\system\Database\MySQLi\Connection.php:246
Stack trace:
#0 C:\Users\USER\Documents\Elecomp Indonesia\GESID\gesid_portal (2)\gesid.id\system\Database\BaseConnection.php(421): CodeIgniter\Database\MySQLi\Connection->connect(false)
#1 C:\Users\USER\Documents\Elecomp Indonesia\GESID\gesid_portal (2)\gesid.id\system\Database\BaseConnection.php(620): CodeIgniter\Database\BaseConnection->initialize()
#2 C:\Users\USER\Documents\Elecomp Indonesia\GESID\gesid_portal (2)\gesid.id\system\Database\BaseBuilder.php(1649): CodeIgniter\Database\BaseConnection->query('SELECT `tb_memb...', Array, false)
#3 C:\Users\USER\Documents\Elecomp Indonesia\GESID\gesid_portal (2)\gesid.id\system\Model.php(330): CodeIgniter\Database\BaseBuilder->get()
#4 C:\Users\USER\Documents\Elecomp Indonesia\GESID\gesid_portal (2)\gesid.id\system\BaseModel.php(717): CodeIgniter\Model->doFirst()
#5 C:\Users\USER\Documents\Elecomp Indonesia\GESID\gesid_portal (2)\gesid.id\app\Controllers\MemberController.php(265): CodeIgniter\BaseModel->first()
#6 C:\Users\USER\Documents\Elecomp Indonesia\GESID\gesid_portal (2)\gesid.id\system\CodeIgniter.php(933): App\Controllers\MemberController->downloadCard()
#7 C:\Users\USER\Documents\Elecomp Indonesia\GESID\gesid_portal (2)\gesid.id\system\CodeIgniter.php(507): CodeIgniter\CodeIgniter->runController(Object(App\Controllers\MemberController))
#8 C:\Users\USER\Documents\Elecomp Indonesia\GESID\gesid_portal (2)\gesid.id\system\CodeIgniter.php(354): CodeIgniter\CodeIgniter->handleRequest(NULL, Object(Config\Cache), false)
#9 C:\Users\USER\Documents\Elecomp Indonesia\GESID\gesid_portal (2)\gesid.id\system\Boot.php(334): CodeIgniter\CodeIgniter->run()
#10 C:\Users\USER\Documents\Elecomp Indonesia\GESID\gesid_portal (2)\gesid.id\system\Boot.php(67): CodeIgniter\Boot::runCodeIgniter(Object(CodeIgniter\CodeIgniter))
#11 C:\Users\USER\Documents\Elecomp Indonesia\GESID\gesid_portal (2)\gesid.id\public\index.php(59): CodeIgniter\Boot::bootWeb(Object(Config\Paths))
#12 C:\Users\USER\Documents\Elecomp Indonesia\GESID\gesid_portal (2)\gesid.id\system\rewrite.php(44): require_once('C:\\Users\\USER\\D...')
#13 {main}
CRITICAL - 2025-10-06 06:07:13 --> CodeIgniter\Database\Exceptions\DatabaseException: Unable to connect to the database.
Main connection [MySQLi]: No connection could be made because the target machine actively refused it
[Method: GET, Route: member/downloadCard]
in SYSTEMPATH\Database\BaseConnection.php on line 467.
 1 SYSTEMPATH\Database\BaseConnection.php(620): CodeIgniter\Database\BaseConnection->initialize()
 2 SYSTEMPATH\Database\BaseBuilder.php(1649): CodeIgniter\Database\BaseConnection->query('SELECT `tb_members`.*, `provinsi`.`nama_provinsi`, `kota`.`nama_kota`, `desa`.`nama_desa`
FROM `tb_members`
LEFT JOIN `tb_provinsi` AS `provinsi` ON `provinsi`.`id_provinsi` = `tb_members`.`id_provinsi`
LEFT JOIN `tb_kota_kabupaten` AS `kota` ON `kota`.`id_kota` = `tb_members`.`id_kota`
LEFT JOIN `tb_desa_kelurahan` AS `desa` ON `desa`.`id_desa` = `tb_members`.`id_desa`
WHERE `tb_members`.`id` = :tb_members.id:
 LIMIT 1', [...], false)
 3 SYSTEMPATH\Model.php(330): CodeIgniter\Database\BaseBuilder->get()
 4 SYSTEMPATH\BaseModel.php(717): CodeIgniter\Model->doFirst()
 5 APPPATH\Controllers\MemberController.php(265): CodeIgniter\BaseModel->first()
 6 SYSTEMPATH\CodeIgniter.php(933): App\Controllers\MemberController->downloadCard()
 7 SYSTEMPATH\CodeIgniter.php(507): CodeIgniter\CodeIgniter->runController(Object(App\Controllers\MemberController))
 8 SYSTEMPATH\CodeIgniter.php(354): CodeIgniter\CodeIgniter->handleRequest(null, Object(Config\Cache), false)
 9 SYSTEMPATH\Boot.php(334): CodeIgniter\CodeIgniter->run()
10 SYSTEMPATH\Boot.php(67): CodeIgniter\Boot::runCodeIgniter(Object(CodeIgniter\CodeIgniter))
11 FCPATH\index.php(59): CodeIgniter\Boot::bootWeb(Object(Config\Paths))
12 SYSTEMPATH\rewrite.php(44): require_once('C:\\Users\\USER\\Documents\\Elecomp Indonesia\\GESID\\gesid_portal (2)\\gesid.id\\public\\index.php')
CRITICAL - 2025-10-06 06:09:16 --> ErrorException: Maximum execution time of 60 seconds exceeded
[Method: GET, Route: /]
in SYSTEMPATH\Debug\Exceptions.php on line 208.
 1 [internal function]: CodeIgniter\Debug\Exceptions->shutdownHandler()
ERROR - 2025-10-06 06:13:49 --> Error connecting to the database: mysqli_sql_exception: No connection could be made because the target machine actively refused it in C:\Users\USER\Documents\Elecomp Indonesia\GESID\gesid_portal (2)\gesid.id\system\Database\MySQLi\Connection.php:201
Stack trace:
#0 C:\Users\USER\Documents\Elecomp Indonesia\GESID\gesid_portal (2)\gesid.id\system\Database\MySQLi\Connection.php(201): mysqli->real_connect('localhost', 'root', Object(SensitiveParameterValue), 'db_gesid', 3306, '', 0)
#1 C:\Users\USER\Documents\Elecomp Indonesia\GESID\gesid_portal (2)\gesid.id\system\Database\BaseConnection.php(421): CodeIgniter\Database\MySQLi\Connection->connect(false)
#2 C:\Users\USER\Documents\Elecomp Indonesia\GESID\gesid_portal (2)\gesid.id\system\Database\BaseConnection.php(620): CodeIgniter\Database\BaseConnection->initialize()
#3 C:\Users\USER\Documents\Elecomp Indonesia\GESID\gesid_portal (2)\gesid.id\system\Database\BaseBuilder.php(1649): CodeIgniter\Database\BaseConnection->query('SELECT *\nFROM `...', Array, false)
#4 C:\Users\USER\Documents\Elecomp Indonesia\GESID\gesid_portal (2)\gesid.id\system\Model.php(286): CodeIgniter\Database\BaseBuilder->get()
#5 C:\Users\USER\Documents\Elecomp Indonesia\GESID\gesid_portal (2)\gesid.id\system\BaseModel.php(679): CodeIgniter\Model->doFindAll(0, 0)
#6 C:\Users\USER\Documents\Elecomp Indonesia\GESID\gesid_portal (2)\gesid.id\app\Controllers\Home.php(25): CodeIgniter\BaseModel->findAll()
#7 C:\Users\USER\Documents\Elecomp Indonesia\GESID\gesid_portal (2)\gesid.id\system\CodeIgniter.php(933): App\Controllers\Home->index()
#8 C:\Users\USER\Documents\Elecomp Indonesia\GESID\gesid_portal (2)\gesid.id\system\CodeIgniter.php(507): CodeIgniter\CodeIgniter->runController(Object(App\Controllers\Home))
#9 C:\Users\USER\Documents\Elecomp Indonesia\GESID\gesid_portal (2)\gesid.id\system\CodeIgniter.php(354): CodeIgniter\CodeIgniter->handleRequest(NULL, Object(Config\Cache), false)
#10 C:\Users\USER\Documents\Elecomp Indonesia\GESID\gesid_portal (2)\gesid.id\system\Boot.php(334): CodeIgniter\CodeIgniter->run()
#11 C:\Users\USER\Documents\Elecomp Indonesia\GESID\gesid_portal (2)\gesid.id\system\Boot.php(67): CodeIgniter\Boot::runCodeIgniter(Object(CodeIgniter\CodeIgniter))
#12 C:\Users\USER\Documents\Elecomp Indonesia\GESID\gesid_portal (2)\gesid.id\public\index.php(59): CodeIgniter\Boot::bootWeb(Object(Config\Paths))
#13 C:\Users\USER\Documents\Elecomp Indonesia\GESID\gesid_portal (2)\gesid.id\system\rewrite.php(44): require_once('C:\\Users\\USER\\D...')
#14 {main}

Next CodeIgniter\Database\Exceptions\DatabaseException: No connection could be made because the target machine actively refused it in C:\Users\USER\Documents\Elecomp Indonesia\GESID\gesid_portal (2)\gesid.id\system\Database\MySQLi\Connection.php:246
Stack trace:
#0 C:\Users\USER\Documents\Elecomp Indonesia\GESID\gesid_portal (2)\gesid.id\system\Database\BaseConnection.php(421): CodeIgniter\Database\MySQLi\Connection->connect(false)
#1 C:\Users\USER\Documents\Elecomp Indonesia\GESID\gesid_portal (2)\gesid.id\system\Database\BaseConnection.php(620): CodeIgniter\Database\BaseConnection->initialize()
#2 C:\Users\USER\Documents\Elecomp Indonesia\GESID\gesid_portal (2)\gesid.id\system\Database\BaseBuilder.php(1649): CodeIgniter\Database\BaseConnection->query('SELECT *\nFROM `...', Array, false)
#3 C:\Users\USER\Documents\Elecomp Indonesia\GESID\gesid_portal (2)\gesid.id\system\Model.php(286): CodeIgniter\Database\BaseBuilder->get()
#4 C:\Users\USER\Documents\Elecomp Indonesia\GESID\gesid_portal (2)\gesid.id\system\BaseModel.php(679): CodeIgniter\Model->doFindAll(0, 0)
#5 C:\Users\USER\Documents\Elecomp Indonesia\GESID\gesid_portal (2)\gesid.id\app\Controllers\Home.php(25): CodeIgniter\BaseModel->findAll()
#6 C:\Users\USER\Documents\Elecomp Indonesia\GESID\gesid_portal (2)\gesid.id\system\CodeIgniter.php(933): App\Controllers\Home->index()
#7 C:\Users\USER\Documents\Elecomp Indonesia\GESID\gesid_portal (2)\gesid.id\system\CodeIgniter.php(507): CodeIgniter\CodeIgniter->runController(Object(App\Controllers\Home))
#8 C:\Users\USER\Documents\Elecomp Indonesia\GESID\gesid_portal (2)\gesid.id\system\CodeIgniter.php(354): CodeIgniter\CodeIgniter->handleRequest(NULL, Object(Config\Cache), false)
#9 C:\Users\USER\Documents\Elecomp Indonesia\GESID\gesid_portal (2)\gesid.id\system\Boot.php(334): CodeIgniter\CodeIgniter->run()
#10 C:\Users\USER\Documents\Elecomp Indonesia\GESID\gesid_portal (2)\gesid.id\system\Boot.php(67): CodeIgniter\Boot::runCodeIgniter(Object(CodeIgniter\CodeIgniter))
#11 C:\Users\USER\Documents\Elecomp Indonesia\GESID\gesid_portal (2)\gesid.id\public\index.php(59): CodeIgniter\Boot::bootWeb(Object(Config\Paths))
#12 C:\Users\USER\Documents\Elecomp Indonesia\GESID\gesid_portal (2)\gesid.id\system\rewrite.php(44): require_once('C:\\Users\\USER\\D...')
#13 {main}
CRITICAL - 2025-10-06 06:13:49 --> CodeIgniter\Database\Exceptions\DatabaseException: Unable to connect to the database.
Main connection [MySQLi]: No connection could be made because the target machine actively refused it
[Method: GET, Route: /]
in SYSTEMPATH\Database\BaseConnection.php on line 467.
 1 SYSTEMPATH\Database\BaseConnection.php(620): CodeIgniter\Database\BaseConnection->initialize()
 2 SYSTEMPATH\Database\BaseBuilder.php(1649): CodeIgniter\Database\BaseConnection->query('SELECT *
FROM `tb_artikel`
ORDER BY `tanggal_publikasi` DESC
 LIMIT 4', [], false)
 3 SYSTEMPATH\Model.php(286): CodeIgniter\Database\BaseBuilder->get()
 4 SYSTEMPATH\BaseModel.php(679): CodeIgniter\Model->doFindAll(0, 0)
 5 APPPATH\Controllers\Home.php(25): CodeIgniter\BaseModel->findAll()
 6 SYSTEMPATH\CodeIgniter.php(933): App\Controllers\Home->index()
 7 SYSTEMPATH\CodeIgniter.php(507): CodeIgniter\CodeIgniter->runController(Object(App\Controllers\Home))
 8 SYSTEMPATH\CodeIgniter.php(354): CodeIgniter\CodeIgniter->handleRequest(null, Object(Config\Cache), false)
 9 SYSTEMPATH\Boot.php(334): CodeIgniter\CodeIgniter->run()
10 SYSTEMPATH\Boot.php(67): CodeIgniter\Boot::runCodeIgniter(Object(CodeIgniter\CodeIgniter))
11 FCPATH\index.php(59): CodeIgniter\Boot::bootWeb(Object(Config\Paths))
12 SYSTEMPATH\rewrite.php(44): require_once('C:\\Users\\USER\\Documents\\Elecomp Indonesia\\GESID\\gesid_portal (2)\\gesid.id\\public\\index.php')
ERROR - 2025-10-06 06:13:53 --> Error connecting to the database: mysqli_sql_exception: No connection could be made because the target machine actively refused it in C:\Users\USER\Documents\Elecomp Indonesia\GESID\gesid_portal (2)\gesid.id\system\Database\MySQLi\Connection.php:201
Stack trace:
#0 C:\Users\USER\Documents\Elecomp Indonesia\GESID\gesid_portal (2)\gesid.id\system\Database\MySQLi\Connection.php(201): mysqli->real_connect('localhost', 'root', Object(SensitiveParameterValue), 'db_gesid', 3306, '', 0)
#1 C:\Users\USER\Documents\Elecomp Indonesia\GESID\gesid_portal (2)\gesid.id\system\Database\BaseConnection.php(421): CodeIgniter\Database\MySQLi\Connection->connect(false)
#2 C:\Users\USER\Documents\Elecomp Indonesia\GESID\gesid_portal (2)\gesid.id\system\Database\BaseConnection.php(620): CodeIgniter\Database\BaseConnection->initialize()
#3 C:\Users\USER\Documents\Elecomp Indonesia\GESID\gesid_portal (2)\gesid.id\system\Database\BaseBuilder.php(1649): CodeIgniter\Database\BaseConnection->query('SELECT *\nFROM `...', Array, false)
#4 C:\Users\USER\Documents\Elecomp Indonesia\GESID\gesid_portal (2)\gesid.id\system\Model.php(286): CodeIgniter\Database\BaseBuilder->get()
#5 C:\Users\USER\Documents\Elecomp Indonesia\GESID\gesid_portal (2)\gesid.id\system\BaseModel.php(679): CodeIgniter\Model->doFindAll(0, 0)
#6 C:\Users\USER\Documents\Elecomp Indonesia\GESID\gesid_portal (2)\gesid.id\app\Controllers\Home.php(25): CodeIgniter\BaseModel->findAll()
#7 C:\Users\USER\Documents\Elecomp Indonesia\GESID\gesid_portal (2)\gesid.id\system\CodeIgniter.php(933): App\Controllers\Home->index()
#8 C:\Users\USER\Documents\Elecomp Indonesia\GESID\gesid_portal (2)\gesid.id\system\CodeIgniter.php(507): CodeIgniter\CodeIgniter->runController(Object(App\Controllers\Home))
#9 C:\Users\USER\Documents\Elecomp Indonesia\GESID\gesid_portal (2)\gesid.id\system\CodeIgniter.php(354): CodeIgniter\CodeIgniter->handleRequest(NULL, Object(Config\Cache), false)
#10 C:\Users\USER\Documents\Elecomp Indonesia\GESID\gesid_portal (2)\gesid.id\system\Boot.php(334): CodeIgniter\CodeIgniter->run()
#11 C:\Users\USER\Documents\Elecomp Indonesia\GESID\gesid_portal (2)\gesid.id\system\Boot.php(67): CodeIgniter\Boot::runCodeIgniter(Object(CodeIgniter\CodeIgniter))
#12 C:\Users\USER\Documents\Elecomp Indonesia\GESID\gesid_portal (2)\gesid.id\public\index.php(59): CodeIgniter\Boot::bootWeb(Object(Config\Paths))
#13 C:\Users\USER\Documents\Elecomp Indonesia\GESID\gesid_portal (2)\gesid.id\system\rewrite.php(44): require_once('C:\\Users\\USER\\D...')
#14 {main}

Next CodeIgniter\Database\Exceptions\DatabaseException: No connection could be made because the target machine actively refused it in C:\Users\USER\Documents\Elecomp Indonesia\GESID\gesid_portal (2)\gesid.id\system\Database\MySQLi\Connection.php:246
Stack trace:
#0 C:\Users\USER\Documents\Elecomp Indonesia\GESID\gesid_portal (2)\gesid.id\system\Database\BaseConnection.php(421): CodeIgniter\Database\MySQLi\Connection->connect(false)
#1 C:\Users\USER\Documents\Elecomp Indonesia\GESID\gesid_portal (2)\gesid.id\system\Database\BaseConnection.php(620): CodeIgniter\Database\BaseConnection->initialize()
#2 C:\Users\USER\Documents\Elecomp Indonesia\GESID\gesid_portal (2)\gesid.id\system\Database\BaseBuilder.php(1649): CodeIgniter\Database\BaseConnection->query('SELECT *\nFROM `...', Array, false)
#3 C:\Users\USER\Documents\Elecomp Indonesia\GESID\gesid_portal (2)\gesid.id\system\Model.php(286): CodeIgniter\Database\BaseBuilder->get()
#4 C:\Users\USER\Documents\Elecomp Indonesia\GESID\gesid_portal (2)\gesid.id\system\BaseModel.php(679): CodeIgniter\Model->doFindAll(0, 0)
#5 C:\Users\USER\Documents\Elecomp Indonesia\GESID\gesid_portal (2)\gesid.id\app\Controllers\Home.php(25): CodeIgniter\BaseModel->findAll()
#6 C:\Users\USER\Documents\Elecomp Indonesia\GESID\gesid_portal (2)\gesid.id\system\CodeIgniter.php(933): App\Controllers\Home->index()
#7 C:\Users\USER\Documents\Elecomp Indonesia\GESID\gesid_portal (2)\gesid.id\system\CodeIgniter.php(507): CodeIgniter\CodeIgniter->runController(Object(App\Controllers\Home))
#8 C:\Users\USER\Documents\Elecomp Indonesia\GESID\gesid_portal (2)\gesid.id\system\CodeIgniter.php(354): CodeIgniter\CodeIgniter->handleRequest(NULL, Object(Config\Cache), false)
#9 C:\Users\USER\Documents\Elecomp Indonesia\GESID\gesid_portal (2)\gesid.id\system\Boot.php(334): CodeIgniter\CodeIgniter->run()
#10 C:\Users\USER\Documents\Elecomp Indonesia\GESID\gesid_portal (2)\gesid.id\system\Boot.php(67): CodeIgniter\Boot::runCodeIgniter(Object(CodeIgniter\CodeIgniter))
#11 C:\Users\USER\Documents\Elecomp Indonesia\GESID\gesid_portal (2)\gesid.id\public\index.php(59): CodeIgniter\Boot::bootWeb(Object(Config\Paths))
#12 C:\Users\USER\Documents\Elecomp Indonesia\GESID\gesid_portal (2)\gesid.id\system\rewrite.php(44): require_once('C:\\Users\\USER\\D...')
#13 {main}
CRITICAL - 2025-10-06 06:13:53 --> CodeIgniter\Database\Exceptions\DatabaseException: Unable to connect to the database.
Main connection [MySQLi]: No connection could be made because the target machine actively refused it
[Method: GET, Route: /]
in SYSTEMPATH\Database\BaseConnection.php on line 467.
 1 SYSTEMPATH\Database\BaseConnection.php(620): CodeIgniter\Database\BaseConnection->initialize()
 2 SYSTEMPATH\Database\BaseBuilder.php(1649): CodeIgniter\Database\BaseConnection->query('SELECT *
FROM `tb_artikel`
ORDER BY `tanggal_publikasi` DESC
 LIMIT 4', [], false)
 3 SYSTEMPATH\Model.php(286): CodeIgniter\Database\BaseBuilder->get()
 4 SYSTEMPATH\BaseModel.php(679): CodeIgniter\Model->doFindAll(0, 0)
 5 APPPATH\Controllers\Home.php(25): CodeIgniter\BaseModel->findAll()
 6 SYSTEMPATH\CodeIgniter.php(933): App\Controllers\Home->index()
 7 SYSTEMPATH\CodeIgniter.php(507): CodeIgniter\CodeIgniter->runController(Object(App\Controllers\Home))
 8 SYSTEMPATH\CodeIgniter.php(354): CodeIgniter\CodeIgniter->handleRequest(null, Object(Config\Cache), false)
 9 SYSTEMPATH\Boot.php(334): CodeIgniter\CodeIgniter->run()
10 SYSTEMPATH\Boot.php(67): CodeIgniter\Boot::runCodeIgniter(Object(CodeIgniter\CodeIgniter))
11 FCPATH\index.php(59): CodeIgniter\Boot::bootWeb(Object(Config\Paths))
12 SYSTEMPATH\rewrite.php(44): require_once('C:\\Users\\USER\\Documents\\Elecomp Indonesia\\GESID\\gesid_portal (2)\\gesid.id\\public\\index.php')
ERROR - 2025-10-06 06:14:15 --> Error connecting to the database: ErrorException: mysqli::real_connect(): Error while reading greeting packet. PID=21392 in C:\Users\USER\Documents\Elecomp Indonesia\GESID\gesid_portal (2)\gesid.id\system\Database\MySQLi\Connection.php:201
Stack trace:
#0 [internal function]: CodeIgniter\Debug\Exceptions->errorHandler(2, 'mysqli::real_co...', 'C:\\Users\\USER\\D...', 201)
#1 C:\Users\USER\Documents\Elecomp Indonesia\GESID\gesid_portal (2)\gesid.id\system\Database\MySQLi\Connection.php(201): mysqli->real_connect('localhost', 'root', Object(SensitiveParameterValue), 'db_gesid', 3306, '', 0)
#2 C:\Users\USER\Documents\Elecomp Indonesia\GESID\gesid_portal (2)\gesid.id\system\Database\BaseConnection.php(421): CodeIgniter\Database\MySQLi\Connection->connect(false)
#3 C:\Users\USER\Documents\Elecomp Indonesia\GESID\gesid_portal (2)\gesid.id\system\Database\BaseConnection.php(620): CodeIgniter\Database\BaseConnection->initialize()
#4 C:\Users\USER\Documents\Elecomp Indonesia\GESID\gesid_portal (2)\gesid.id\system\Database\BaseBuilder.php(1649): CodeIgniter\Database\BaseConnection->query('SELECT *\nFROM `...', Array, false)
#5 C:\Users\USER\Documents\Elecomp Indonesia\GESID\gesid_portal (2)\gesid.id\system\Model.php(286): CodeIgniter\Database\BaseBuilder->get()
#6 C:\Users\USER\Documents\Elecomp Indonesia\GESID\gesid_portal (2)\gesid.id\system\BaseModel.php(679): CodeIgniter\Model->doFindAll(0, 0)
#7 C:\Users\USER\Documents\Elecomp Indonesia\GESID\gesid_portal (2)\gesid.id\app\Controllers\Home.php(25): CodeIgniter\BaseModel->findAll()
#8 C:\Users\USER\Documents\Elecomp Indonesia\GESID\gesid_portal (2)\gesid.id\system\CodeIgniter.php(933): App\Controllers\Home->index()
#9 C:\Users\USER\Documents\Elecomp Indonesia\GESID\gesid_portal (2)\gesid.id\system\CodeIgniter.php(507): CodeIgniter\CodeIgniter->runController(Object(App\Controllers\Home))
#10 C:\Users\USER\Documents\Elecomp Indonesia\GESID\gesid_portal (2)\gesid.id\system\CodeIgniter.php(354): CodeIgniter\CodeIgniter->handleRequest(NULL, Object(Config\Cache), false)
#11 C:\Users\USER\Documents\Elecomp Indonesia\GESID\gesid_portal (2)\gesid.id\system\Boot.php(334): CodeIgniter\CodeIgniter->run()
#12 C:\Users\USER\Documents\Elecomp Indonesia\GESID\gesid_portal (2)\gesid.id\system\Boot.php(67): CodeIgniter\Boot::runCodeIgniter(Object(CodeIgniter\CodeIgniter))
#13 C:\Users\USER\Documents\Elecomp Indonesia\GESID\gesid_portal (2)\gesid.id\public\index.php(59): CodeIgniter\Boot::bootWeb(Object(Config\Paths))
#14 C:\Users\USER\Documents\Elecomp Indonesia\GESID\gesid_portal (2)\gesid.id\system\rewrite.php(44): require_once('C:\\Users\\USER\\D...')
#15 {main}

Next mysqli_sql_exception: MySQL server has gone away in C:\Users\USER\Documents\Elecomp Indonesia\GESID\gesid_portal (2)\gesid.id\system\Database\MySQLi\Connection.php:201
Stack trace:
#0 C:\Users\USER\Documents\Elecomp Indonesia\GESID\gesid_portal (2)\gesid.id\system\Database\MySQLi\Connection.php(201): mysqli->real_connect('localhost', 'root', Object(SensitiveParameterValue), 'db_gesid', 3306, '', 0)
#1 C:\Users\USER\Documents\Elecomp Indonesia\GESID\gesid_portal (2)\gesid.id\system\Database\BaseConnection.php(421): CodeIgniter\Database\MySQLi\Connection->connect(false)
#2 C:\Users\USER\Documents\Elecomp Indonesia\GESID\gesid_portal (2)\gesid.id\system\Database\BaseConnection.php(620): CodeIgniter\Database\BaseConnection->initialize()
#3 C:\Users\USER\Documents\Elecomp Indonesia\GESID\gesid_portal (2)\gesid.id\system\Database\BaseBuilder.php(1649): CodeIgniter\Database\BaseConnection->query('SELECT *\nFROM `...', Array, false)
#4 C:\Users\USER\Documents\Elecomp Indonesia\GESID\gesid_portal (2)\gesid.id\system\Model.php(286): CodeIgniter\Database\BaseBuilder->get()
#5 C:\Users\USER\Documents\Elecomp Indonesia\GESID\gesid_portal (2)\gesid.id\system\BaseModel.php(679): CodeIgniter\Model->doFindAll(0, 0)
#6 C:\Users\USER\Documents\Elecomp Indonesia\GESID\gesid_portal (2)\gesid.id\app\Controllers\Home.php(25): CodeIgniter\BaseModel->findAll()
#7 C:\Users\USER\Documents\Elecomp Indonesia\GESID\gesid_portal (2)\gesid.id\system\CodeIgniter.php(933): App\Controllers\Home->index()
#8 C:\Users\USER\Documents\Elecomp Indonesia\GESID\gesid_portal (2)\gesid.id\system\CodeIgniter.php(507): CodeIgniter\CodeIgniter->runController(Object(App\Controllers\Home))
#9 C:\Users\USER\Documents\Elecomp Indonesia\GESID\gesid_portal (2)\gesid.id\system\CodeIgniter.php(354): CodeIgniter\CodeIgniter->handleRequest(NULL, Object(Config\Cache), false)
#10 C:\Users\USER\Documents\Elecomp Indonesia\GESID\gesid_portal (2)\gesid.id\system\Boot.php(334): CodeIgniter\CodeIgniter->run()
#11 C:\Users\USER\Documents\Elecomp Indonesia\GESID\gesid_portal (2)\gesid.id\system\Boot.php(67): CodeIgniter\Boot::runCodeIgniter(Object(CodeIgniter\CodeIgniter))
#12 C:\Users\USER\Documents\Elecomp Indonesia\GESID\gesid_portal (2)\gesid.id\public\index.php(59): CodeIgniter\Boot::bootWeb(Object(Config\Paths))
#13 C:\Users\USER\Documents\Elecomp Indonesia\GESID\gesid_portal (2)\gesid.id\system\rewrite.php(44): require_once('C:\\Users\\USER\\D...')
#14 {main}

Next CodeIgniter\Database\Exceptions\DatabaseException: MySQL server has gone away in C:\Users\USER\Documents\Elecomp Indonesia\GESID\gesid_portal (2)\gesid.id\system\Database\MySQLi\Connection.php:246
Stack trace:
#0 C:\Users\USER\Documents\Elecomp Indonesia\GESID\gesid_portal (2)\gesid.id\system\Database\BaseConnection.php(421): CodeIgniter\Database\MySQLi\Connection->connect(false)
#1 C:\Users\USER\Documents\Elecomp Indonesia\GESID\gesid_portal (2)\gesid.id\system\Database\BaseConnection.php(620): CodeIgniter\Database\BaseConnection->initialize()
#2 C:\Users\USER\Documents\Elecomp Indonesia\GESID\gesid_portal (2)\gesid.id\system\Database\BaseBuilder.php(1649): CodeIgniter\Database\BaseConnection->query('SELECT *\nFROM `...', Array, false)
#3 C:\Users\USER\Documents\Elecomp Indonesia\GESID\gesid_portal (2)\gesid.id\system\Model.php(286): CodeIgniter\Database\BaseBuilder->get()
#4 C:\Users\USER\Documents\Elecomp Indonesia\GESID\gesid_portal (2)\gesid.id\system\BaseModel.php(679): CodeIgniter\Model->doFindAll(0, 0)
#5 C:\Users\USER\Documents\Elecomp Indonesia\GESID\gesid_portal (2)\gesid.id\app\Controllers\Home.php(25): CodeIgniter\BaseModel->findAll()
#6 C:\Users\USER\Documents\Elecomp Indonesia\GESID\gesid_portal (2)\gesid.id\system\CodeIgniter.php(933): App\Controllers\Home->index()
#7 C:\Users\USER\Documents\Elecomp Indonesia\GESID\gesid_portal (2)\gesid.id\system\CodeIgniter.php(507): CodeIgniter\CodeIgniter->runController(Object(App\Controllers\Home))
#8 C:\Users\USER\Documents\Elecomp Indonesia\GESID\gesid_portal (2)\gesid.id\system\CodeIgniter.php(354): CodeIgniter\CodeIgniter->handleRequest(NULL, Object(Config\Cache), false)
#9 C:\Users\USER\Documents\Elecomp Indonesia\GESID\gesid_portal (2)\gesid.id\system\Boot.php(334): CodeIgniter\CodeIgniter->run()
#10 C:\Users\USER\Documents\Elecomp Indonesia\GESID\gesid_portal (2)\gesid.id\system\Boot.php(67): CodeIgniter\Boot::runCodeIgniter(Object(CodeIgniter\CodeIgniter))
#11 C:\Users\USER\Documents\Elecomp Indonesia\GESID\gesid_portal (2)\gesid.id\public\index.php(59): CodeIgniter\Boot::bootWeb(Object(Config\Paths))
#12 C:\Users\USER\Documents\Elecomp Indonesia\GESID\gesid_portal (2)\gesid.id\system\rewrite.php(44): require_once('C:\\Users\\USER\\D...')
#13 {main}
CRITICAL - 2025-10-06 06:14:15 --> CodeIgniter\Database\Exceptions\DatabaseException: Unable to connect to the database.
Main connection [MySQLi]: MySQL server has gone away
[Method: GET, Route: /]
in SYSTEMPATH\Database\BaseConnection.php on line 467.
 1 SYSTEMPATH\Database\BaseConnection.php(620): CodeIgniter\Database\BaseConnection->initialize()
 2 SYSTEMPATH\Database\BaseBuilder.php(1649): CodeIgniter\Database\BaseConnection->query('SELECT *
FROM `tb_artikel`
ORDER BY `tanggal_publikasi` DESC
 LIMIT 4', [], false)
 3 SYSTEMPATH\Model.php(286): CodeIgniter\Database\BaseBuilder->get()
 4 SYSTEMPATH\BaseModel.php(679): CodeIgniter\Model->doFindAll(0, 0)
 5 APPPATH\Controllers\Home.php(25): CodeIgniter\BaseModel->findAll()
 6 SYSTEMPATH\CodeIgniter.php(933): App\Controllers\Home->index()
 7 SYSTEMPATH\CodeIgniter.php(507): CodeIgniter\CodeIgniter->runController(Object(App\Controllers\Home))
 8 SYSTEMPATH\CodeIgniter.php(354): CodeIgniter\CodeIgniter->handleRequest(null, Object(Config\Cache), false)
 9 SYSTEMPATH\Boot.php(334): CodeIgniter\CodeIgniter->run()
10 SYSTEMPATH\Boot.php(67): CodeIgniter\Boot::runCodeIgniter(Object(CodeIgniter\CodeIgniter))
11 FCPATH\index.php(59): CodeIgniter\Boot::bootWeb(Object(Config\Paths))
12 SYSTEMPATH\rewrite.php(44): require_once('C:\\Users\\USER\\Documents\\Elecomp Indonesia\\GESID\\gesid_portal (2)\\gesid.id\\public\\index.php')
ERROR - 2025-10-06 06:14:20 --> Error connecting to the database: mysqli_sql_exception: No connection could be made because the target machine actively refused it in C:\Users\USER\Documents\Elecomp Indonesia\GESID\gesid_portal (2)\gesid.id\system\Database\MySQLi\Connection.php:201
Stack trace:
#0 C:\Users\USER\Documents\Elecomp Indonesia\GESID\gesid_portal (2)\gesid.id\system\Database\MySQLi\Connection.php(201): mysqli->real_connect('localhost', 'root', Object(SensitiveParameterValue), 'db_gesid', 3306, '', 0)
#1 C:\Users\USER\Documents\Elecomp Indonesia\GESID\gesid_portal (2)\gesid.id\system\Database\BaseConnection.php(421): CodeIgniter\Database\MySQLi\Connection->connect(false)
#2 C:\Users\USER\Documents\Elecomp Indonesia\GESID\gesid_portal (2)\gesid.id\system\Database\BaseConnection.php(620): CodeIgniter\Database\BaseConnection->initialize()
#3 C:\Users\USER\Documents\Elecomp Indonesia\GESID\gesid_portal (2)\gesid.id\system\Database\BaseBuilder.php(1649): CodeIgniter\Database\BaseConnection->query('SELECT *\nFROM `...', Array, false)
#4 C:\Users\USER\Documents\Elecomp Indonesia\GESID\gesid_portal (2)\gesid.id\system\Model.php(286): CodeIgniter\Database\BaseBuilder->get()
#5 C:\Users\USER\Documents\Elecomp Indonesia\GESID\gesid_portal (2)\gesid.id\system\BaseModel.php(679): CodeIgniter\Model->doFindAll(0, 0)
#6 C:\Users\USER\Documents\Elecomp Indonesia\GESID\gesid_portal (2)\gesid.id\app\Controllers\Home.php(25): CodeIgniter\BaseModel->findAll()
#7 C:\Users\USER\Documents\Elecomp Indonesia\GESID\gesid_portal (2)\gesid.id\system\CodeIgniter.php(933): App\Controllers\Home->index()
#8 C:\Users\USER\Documents\Elecomp Indonesia\GESID\gesid_portal (2)\gesid.id\system\CodeIgniter.php(507): CodeIgniter\CodeIgniter->runController(Object(App\Controllers\Home))
#9 C:\Users\USER\Documents\Elecomp Indonesia\GESID\gesid_portal (2)\gesid.id\system\CodeIgniter.php(354): CodeIgniter\CodeIgniter->handleRequest(NULL, Object(Config\Cache), false)
#10 C:\Users\USER\Documents\Elecomp Indonesia\GESID\gesid_portal (2)\gesid.id\system\Boot.php(334): CodeIgniter\CodeIgniter->run()
#11 C:\Users\USER\Documents\Elecomp Indonesia\GESID\gesid_portal (2)\gesid.id\system\Boot.php(67): CodeIgniter\Boot::runCodeIgniter(Object(CodeIgniter\CodeIgniter))
#12 C:\Users\USER\Documents\Elecomp Indonesia\GESID\gesid_portal (2)\gesid.id\public\index.php(59): CodeIgniter\Boot::bootWeb(Object(Config\Paths))
#13 C:\Users\USER\Documents\Elecomp Indonesia\GESID\gesid_portal (2)\gesid.id\system\rewrite.php(44): require_once('C:\\Users\\USER\\D...')
#14 {main}

Next CodeIgniter\Database\Exceptions\DatabaseException: No connection could be made because the target machine actively refused it in C:\Users\USER\Documents\Elecomp Indonesia\GESID\gesid_portal (2)\gesid.id\system\Database\MySQLi\Connection.php:246
Stack trace:
#0 C:\Users\USER\Documents\Elecomp Indonesia\GESID\gesid_portal (2)\gesid.id\system\Database\BaseConnection.php(421): CodeIgniter\Database\MySQLi\Connection->connect(false)
#1 C:\Users\USER\Documents\Elecomp Indonesia\GESID\gesid_portal (2)\gesid.id\system\Database\BaseConnection.php(620): CodeIgniter\Database\BaseConnection->initialize()
#2 C:\Users\USER\Documents\Elecomp Indonesia\GESID\gesid_portal (2)\gesid.id\system\Database\BaseBuilder.php(1649): CodeIgniter\Database\BaseConnection->query('SELECT *\nFROM `...', Array, false)
#3 C:\Users\USER\Documents\Elecomp Indonesia\GESID\gesid_portal (2)\gesid.id\system\Model.php(286): CodeIgniter\Database\BaseBuilder->get()
#4 C:\Users\USER\Documents\Elecomp Indonesia\GESID\gesid_portal (2)\gesid.id\system\BaseModel.php(679): CodeIgniter\Model->doFindAll(0, 0)
#5 C:\Users\USER\Documents\Elecomp Indonesia\GESID\gesid_portal (2)\gesid.id\app\Controllers\Home.php(25): CodeIgniter\BaseModel->findAll()
#6 C:\Users\USER\Documents\Elecomp Indonesia\GESID\gesid_portal (2)\gesid.id\system\CodeIgniter.php(933): App\Controllers\Home->index()
#7 C:\Users\USER\Documents\Elecomp Indonesia\GESID\gesid_portal (2)\gesid.id\system\CodeIgniter.php(507): CodeIgniter\CodeIgniter->runController(Object(App\Controllers\Home))
#8 C:\Users\USER\Documents\Elecomp Indonesia\GESID\gesid_portal (2)\gesid.id\system\CodeIgniter.php(354): CodeIgniter\CodeIgniter->handleRequest(NULL, Object(Config\Cache), false)
#9 C:\Users\USER\Documents\Elecomp Indonesia\GESID\gesid_portal (2)\gesid.id\system\Boot.php(334): CodeIgniter\CodeIgniter->run()
#10 C:\Users\USER\Documents\Elecomp Indonesia\GESID\gesid_portal (2)\gesid.id\system\Boot.php(67): CodeIgniter\Boot::runCodeIgniter(Object(CodeIgniter\CodeIgniter))
#11 C:\Users\USER\Documents\Elecomp Indonesia\GESID\gesid_portal (2)\gesid.id\public\index.php(59): CodeIgniter\Boot::bootWeb(Object(Config\Paths))
#12 C:\Users\USER\Documents\Elecomp Indonesia\GESID\gesid_portal (2)\gesid.id\system\rewrite.php(44): require_once('C:\\Users\\USER\\D...')
#13 {main}
CRITICAL - 2025-10-06 06:14:20 --> CodeIgniter\Database\Exceptions\DatabaseException: Unable to connect to the database.
Main connection [MySQLi]: No connection could be made because the target machine actively refused it
[Method: GET, Route: /]
in SYSTEMPATH\Database\BaseConnection.php on line 467.
 1 SYSTEMPATH\Database\BaseConnection.php(620): CodeIgniter\Database\BaseConnection->initialize()
 2 SYSTEMPATH\Database\BaseBuilder.php(1649): CodeIgniter\Database\BaseConnection->query('SELECT *
FROM `tb_artikel`
ORDER BY `tanggal_publikasi` DESC
 LIMIT 4', [], false)
 3 SYSTEMPATH\Model.php(286): CodeIgniter\Database\BaseBuilder->get()
 4 SYSTEMPATH\BaseModel.php(679): CodeIgniter\Model->doFindAll(0, 0)
 5 APPPATH\Controllers\Home.php(25): CodeIgniter\BaseModel->findAll()
 6 SYSTEMPATH\CodeIgniter.php(933): App\Controllers\Home->index()
 7 SYSTEMPATH\CodeIgniter.php(507): CodeIgniter\CodeIgniter->runController(Object(App\Controllers\Home))
 8 SYSTEMPATH\CodeIgniter.php(354): CodeIgniter\CodeIgniter->handleRequest(null, Object(Config\Cache), false)
 9 SYSTEMPATH\Boot.php(334): CodeIgniter\CodeIgniter->run()
10 SYSTEMPATH\Boot.php(67): CodeIgniter\Boot::runCodeIgniter(Object(CodeIgniter\CodeIgniter))
11 FCPATH\index.php(59): CodeIgniter\Boot::bootWeb(Object(Config\Paths))
12 SYSTEMPATH\rewrite.php(44): require_once('C:\\Users\\USER\\Documents\\Elecomp Indonesia\\GESID\\gesid_portal (2)\\gesid.id\\public\\index.php')
DEBUG - 2025-10-06 06:15:48 --> Session: Class initialized using 'CodeIgniter\Session\Handlers\FileHandler' driver.
DEBUG - 2025-10-06 06:15:52 --> Session: Class initialized using 'CodeIgniter\Session\Handlers\FileHandler' driver.
DEBUG - 2025-10-06 06:15:52 --> Session: Class initialized using 'CodeIgniter\Session\Handlers\FileHandler' driver.
DEBUG - 2025-10-06 06:15:55 --> Session: Class initialized using 'CodeIgniter\Session\Handlers\FileHandler' driver.
DEBUG - 2025-10-06 06:20:33 --> Session: Class initialized using 'CodeIgniter\Session\Handlers\FileHandler' driver.
DEBUG - 2025-10-06 06:20:34 --> Session: Class initialized using 'CodeIgniter\Session\Handlers\FileHandler' driver.
DEBUG - 2025-10-06 06:28:23 --> Session: Class initialized using 'CodeIgniter\Session\Handlers\FileHandler' driver.
DEBUG - 2025-10-06 06:28:34 --> Session: Class initialized using 'CodeIgniter\Session\Handlers\FileHandler' driver.
DEBUG - 2025-10-06 06:28:35 --> Session: Class initialized using 'CodeIgniter\Session\Handlers\FileHandler' driver.
CRITICAL - 2025-10-06 06:28:35 --> ErrorException: imagettftext(): Invalid font filename
[Method: GET, Route: member/downloadCard]
in APPPATH\Controllers\MemberController.php on line 280.
 1 [internal function]: CodeIgniter\Debug\Exceptions->errorHandler(2, 'imagettftext(): Invalid font filename', 'C:\\Users\\USER\\Documents\\Elecomp Indonesia\\GESID\\gesid_portal (2)\\gesid.id\\app\\Controllers\\MemberController.php', 280)
 2 APPPATH\Controllers\MemberController.php(280): imagettftext(Object(GdImage), 12, 0, 40, 135, 16777215, 'C:\\Users\\USER\\Documents\\Elecomp Indonesia\\GESID\\gesid_portal (2)\\gesid.id\\public\\assets/fonts/Poppins-SemiBold.ttf', 'ID: 110520150001')
 3 SYSTEMPATH\CodeIgniter.php(933): App\Controllers\MemberController->downloadCard()
 4 SYSTEMPATH\CodeIgniter.php(507): CodeIgniter\CodeIgniter->runController(Object(App\Controllers\MemberController))
 5 SYSTEMPATH\CodeIgniter.php(354): CodeIgniter\CodeIgniter->handleRequest(null, Object(Config\Cache), false)
 6 SYSTEMPATH\Boot.php(334): CodeIgniter\CodeIgniter->run()
 7 SYSTEMPATH\Boot.php(67): CodeIgniter\Boot::runCodeIgniter(Object(CodeIgniter\CodeIgniter))
 8 FCPATH\index.php(59): CodeIgniter\Boot::bootWeb(Object(Config\Paths))
 9 SYSTEMPATH\rewrite.php(44): require_once('C:\\Users\\USER\\Documents\\Elecomp Indonesia\\GESID\\gesid_portal (2)\\gesid.id\\public\\index.php')
DEBUG - 2025-10-06 06:29:17 --> Session: Class initialized using 'CodeIgniter\Session\Handlers\FileHandler' driver.
DEBUG - 2025-10-06 06:29:18 --> Session: Class initialized using 'CodeIgniter\Session\Handlers\FileHandler' driver.
CRITICAL - 2025-10-06 06:29:18 --> ErrorException: Undefined array key "nama_provinsi"
[Method: GET, Route: member/downloadCard]
in APPPATH\Controllers\MemberController.php on line 282.
 1 APPPATH\Controllers\MemberController.php(282): CodeIgniter\Debug\Exceptions->errorHandler(2, 'Undefined array key "nama_provinsi"', 'C:\\Users\\USER\\Documents\\Elecomp Indonesia\\GESID\\gesid_portal (2)\\gesid.id\\app\\Controllers\\MemberController.php', 282)
 2 SYSTEMPATH\CodeIgniter.php(933): App\Controllers\MemberController->downloadCard()
 3 SYSTEMPATH\CodeIgniter.php(507): CodeIgniter\CodeIgniter->runController(Object(App\Controllers\MemberController))
 4 SYSTEMPATH\CodeIgniter.php(354): CodeIgniter\CodeIgniter->handleRequest(null, Object(Config\Cache), false)
 5 SYSTEMPATH\Boot.php(334): CodeIgniter\CodeIgniter->run()
 6 SYSTEMPATH\Boot.php(67): CodeIgniter\Boot::runCodeIgniter(Object(CodeIgniter\CodeIgniter))
 7 FCPATH\index.php(59): CodeIgniter\Boot::bootWeb(Object(Config\Paths))
 8 SYSTEMPATH\rewrite.php(44): require_once('C:\\Users\\USER\\Documents\\Elecomp Indonesia\\GESID\\gesid_portal (2)\\gesid.id\\public\\index.php')
DEBUG - 2025-10-06 06:30:16 --> Session: Class initialized using 'CodeIgniter\Session\Handlers\FileHandler' driver.
DEBUG - 2025-10-06 06:30:17 --> Session: Class initialized using 'CodeIgniter\Session\Handlers\FileHandler' driver.
DEBUG - 2025-10-06 06:34:59 --> Session: Class initialized using 'CodeIgniter\Session\Handlers\FileHandler' driver.
DEBUG - 2025-10-06 06:34:59 --> Session: Class initialized using 'CodeIgniter\Session\Handlers\FileHandler' driver.
ERROR - 2025-10-06 06:34:59 --> mysqli_sql_exception: Table 'db_gesid.tb_kota' doesn't exist in C:\Users\USER\Documents\Elecomp Indonesia\GESID\gesid_portal (2)\gesid.id\system\Database\MySQLi\Connection.php:327
Stack trace:
#0 C:\Users\USER\Documents\Elecomp Indonesia\GESID\gesid_portal (2)\gesid.id\system\Database\MySQLi\Connection.php(327): mysqli->query('SELECT `nama_ko...', 0)
#1 C:\Users\USER\Documents\Elecomp Indonesia\GESID\gesid_portal (2)\gesid.id\system\Database\BaseConnection.php(738): CodeIgniter\Database\MySQLi\Connection->execute('SELECT `nama_ko...')
#2 C:\Users\USER\Documents\Elecomp Indonesia\GESID\gesid_portal (2)\gesid.id\system\Database\BaseConnection.php(652): CodeIgniter\Database\BaseConnection->simpleQuery('SELECT `nama_ko...')
#3 C:\Users\USER\Documents\Elecomp Indonesia\GESID\gesid_portal (2)\gesid.id\system\Database\BaseBuilder.php(1649): CodeIgniter\Database\BaseConnection->query('SELECT `nama_ko...', Array, false)
#4 C:\Users\USER\Documents\Elecomp Indonesia\GESID\gesid_portal (2)\gesid.id\app\Controllers\MemberController.php(261): CodeIgniter\Database\BaseBuilder->get()
#5 C:\Users\USER\Documents\Elecomp Indonesia\GESID\gesid_portal (2)\gesid.id\system\CodeIgniter.php(933): App\Controllers\MemberController->downloadCard()
#6 C:\Users\USER\Documents\Elecomp Indonesia\GESID\gesid_portal (2)\gesid.id\system\CodeIgniter.php(507): CodeIgniter\CodeIgniter->runController(Object(App\Controllers\MemberController))
#7 C:\Users\USER\Documents\Elecomp Indonesia\GESID\gesid_portal (2)\gesid.id\system\CodeIgniter.php(354): CodeIgniter\CodeIgniter->handleRequest(NULL, Object(Config\Cache), false)
#8 C:\Users\USER\Documents\Elecomp Indonesia\GESID\gesid_portal (2)\gesid.id\system\Boot.php(334): CodeIgniter\CodeIgniter->run()
#9 C:\Users\USER\Documents\Elecomp Indonesia\GESID\gesid_portal (2)\gesid.id\system\Boot.php(67): CodeIgniter\Boot::runCodeIgniter(Object(CodeIgniter\CodeIgniter))
#10 C:\Users\USER\Documents\Elecomp Indonesia\GESID\gesid_portal (2)\gesid.id\public\index.php(59): CodeIgniter\Boot::bootWeb(Object(Config\Paths))
#11 C:\Users\USER\Documents\Elecomp Indonesia\GESID\gesid_portal (2)\gesid.id\system\rewrite.php(44): require_once('C:\\Users\\USER\\D...')
#12 {main}
CRITICAL - 2025-10-06 06:34:59 --> CodeIgniter\Database\Exceptions\DatabaseException: Table 'db_gesid.tb_kota' doesn't exist
[Method: GET, Route: member/downloadCard]
in SYSTEMPATH\Database\BaseConnection.php on line 692.
 1 SYSTEMPATH\Database\BaseBuilder.php(1649): CodeIgniter\Database\BaseConnection->query('SELECT `nama_kota`
FROM `tb_kota`
WHERE `id_kota` = :id_kota:', [...], false)
 2 APPPATH\Controllers\MemberController.php(261): CodeIgniter\Database\BaseBuilder->get()
 3 SYSTEMPATH\CodeIgniter.php(933): App\Controllers\MemberController->downloadCard()
 4 SYSTEMPATH\CodeIgniter.php(507): CodeIgniter\CodeIgniter->runController(Object(App\Controllers\MemberController))
 5 SYSTEMPATH\CodeIgniter.php(354): CodeIgniter\CodeIgniter->handleRequest(null, Object(Config\Cache), false)
 6 SYSTEMPATH\Boot.php(334): CodeIgniter\CodeIgniter->run()
 7 SYSTEMPATH\Boot.php(67): CodeIgniter\Boot::runCodeIgniter(Object(CodeIgniter\CodeIgniter))
 8 FCPATH\index.php(59): CodeIgniter\Boot::bootWeb(Object(Config\Paths))
 9 SYSTEMPATH\rewrite.php(44): require_once('C:\\Users\\USER\\Documents\\Elecomp Indonesia\\GESID\\gesid_portal (2)\\gesid.id\\public\\index.php')
CRITICAL - 2025-10-06 06:34:59 --> [Caused by] CodeIgniter\Database\Exceptions\DatabaseException: Table 'db_gesid.tb_kota' doesn't exist
in SYSTEMPATH\Database\MySQLi\Connection.php on line 332.
 1 SYSTEMPATH\Database\BaseConnection.php(738): CodeIgniter\Database\MySQLi\Connection->execute('SELECT `nama_kota`
FROM `tb_kota`
WHERE `id_kota` = \'1105\'')
 2 SYSTEMPATH\Database\BaseConnection.php(652): CodeIgniter\Database\BaseConnection->simpleQuery('SELECT `nama_kota`
FROM `tb_kota`
WHERE `id_kota` = \'1105\'')
 3 SYSTEMPATH\Database\BaseBuilder.php(1649): CodeIgniter\Database\BaseConnection->query('SELECT `nama_kota`
FROM `tb_kota`
WHERE `id_kota` = :id_kota:', [...], false)
 4 APPPATH\Controllers\MemberController.php(261): CodeIgniter\Database\BaseBuilder->get()
 5 SYSTEMPATH\CodeIgniter.php(933): App\Controllers\MemberController->downloadCard()
 6 SYSTEMPATH\CodeIgniter.php(507): CodeIgniter\CodeIgniter->runController(Object(App\Controllers\MemberController))
 7 SYSTEMPATH\CodeIgniter.php(354): CodeIgniter\CodeIgniter->handleRequest(null, Object(Config\Cache), false)
 8 SYSTEMPATH\Boot.php(334): CodeIgniter\CodeIgniter->run()
 9 SYSTEMPATH\Boot.php(67): CodeIgniter\Boot::runCodeIgniter(Object(CodeIgniter\CodeIgniter))
10 FCPATH\index.php(59): CodeIgniter\Boot::bootWeb(Object(Config\Paths))
11 SYSTEMPATH\rewrite.php(44): require_once('C:\\Users\\USER\\Documents\\Elecomp Indonesia\\GESID\\gesid_portal (2)\\gesid.id\\public\\index.php')
CRITICAL - 2025-10-06 06:34:59 --> [Caused by] mysqli_sql_exception: Table 'db_gesid.tb_kota' doesn't exist
in SYSTEMPATH\Database\MySQLi\Connection.php on line 327.
 1 SYSTEMPATH\Database\MySQLi\Connection.php(327): mysqli->query('SELECT `nama_kota`
FROM `tb_kota`
WHERE `id_kota` = \'1105\'', 0)
 2 SYSTEMPATH\Database\BaseConnection.php(738): CodeIgniter\Database\MySQLi\Connection->execute('SELECT `nama_kota`
FROM `tb_kota`
WHERE `id_kota` = \'1105\'')
 3 SYSTEMPATH\Database\BaseConnection.php(652): CodeIgniter\Database\BaseConnection->simpleQuery('SELECT `nama_kota`
FROM `tb_kota`
WHERE `id_kota` = \'1105\'')
 4 SYSTEMPATH\Database\BaseBuilder.php(1649): CodeIgniter\Database\BaseConnection->query('SELECT `nama_kota`
FROM `tb_kota`
WHERE `id_kota` = :id_kota:', [...], false)
 5 APPPATH\Controllers\MemberController.php(261): CodeIgniter\Database\BaseBuilder->get()
 6 SYSTEMPATH\CodeIgniter.php(933): App\Controllers\MemberController->downloadCard()
 7 SYSTEMPATH\CodeIgniter.php(507): CodeIgniter\CodeIgniter->runController(Object(App\Controllers\MemberController))
 8 SYSTEMPATH\CodeIgniter.php(354): CodeIgniter\CodeIgniter->handleRequest(null, Object(Config\Cache), false)
 9 SYSTEMPATH\Boot.php(334): CodeIgniter\CodeIgniter->run()
10 SYSTEMPATH\Boot.php(67): CodeIgniter\Boot::runCodeIgniter(Object(CodeIgniter\CodeIgniter))
11 FCPATH\index.php(59): CodeIgniter\Boot::bootWeb(Object(Config\Paths))
12 SYSTEMPATH\rewrite.php(44): require_once('C:\\Users\\USER\\Documents\\Elecomp Indonesia\\GESID\\gesid_portal (2)\\gesid.id\\public\\index.php')
DEBUG - 2025-10-06 06:35:16 --> Session: Class initialized using 'CodeIgniter\Session\Handlers\FileHandler' driver.
ERROR - 2025-10-06 06:35:16 --> mysqli_sql_exception: Unknown column 'id_desa_kelurahan' in 'where clause' in C:\Users\USER\Documents\Elecomp Indonesia\GESID\gesid_portal (2)\gesid.id\system\Database\MySQLi\Connection.php:327
Stack trace:
#0 C:\Users\USER\Documents\Elecomp Indonesia\GESID\gesid_portal (2)\gesid.id\system\Database\MySQLi\Connection.php(327): mysqli->query('SELECT `nama_de...', 0)
#1 C:\Users\USER\Documents\Elecomp Indonesia\GESID\gesid_portal (2)\gesid.id\system\Database\BaseConnection.php(738): CodeIgniter\Database\MySQLi\Connection->execute('SELECT `nama_de...')
#2 C:\Users\USER\Documents\Elecomp Indonesia\GESID\gesid_portal (2)\gesid.id\system\Database\BaseConnection.php(652): CodeIgniter\Database\BaseConnection->simpleQuery('SELECT `nama_de...')
#3 C:\Users\USER\Documents\Elecomp Indonesia\GESID\gesid_portal (2)\gesid.id\system\Database\BaseBuilder.php(1649): CodeIgniter\Database\BaseConnection->query('SELECT `nama_de...', Array, false)
#4 C:\Users\USER\Documents\Elecomp Indonesia\GESID\gesid_portal (2)\gesid.id\app\Controllers\MemberController.php(262): CodeIgniter\Database\BaseBuilder->get()
#5 C:\Users\USER\Documents\Elecomp Indonesia\GESID\gesid_portal (2)\gesid.id\system\CodeIgniter.php(933): App\Controllers\MemberController->downloadCard()
#6 C:\Users\USER\Documents\Elecomp Indonesia\GESID\gesid_portal (2)\gesid.id\system\CodeIgniter.php(507): CodeIgniter\CodeIgniter->runController(Object(App\Controllers\MemberController))
#7 C:\Users\USER\Documents\Elecomp Indonesia\GESID\gesid_portal (2)\gesid.id\system\CodeIgniter.php(354): CodeIgniter\CodeIgniter->handleRequest(NULL, Object(Config\Cache), false)
#8 C:\Users\USER\Documents\Elecomp Indonesia\GESID\gesid_portal (2)\gesid.id\system\Boot.php(334): CodeIgniter\CodeIgniter->run()
#9 C:\Users\USER\Documents\Elecomp Indonesia\GESID\gesid_portal (2)\gesid.id\system\Boot.php(67): CodeIgniter\Boot::runCodeIgniter(Object(CodeIgniter\CodeIgniter))
#10 C:\Users\USER\Documents\Elecomp Indonesia\GESID\gesid_portal (2)\gesid.id\public\index.php(59): CodeIgniter\Boot::bootWeb(Object(Config\Paths))
#11 C:\Users\USER\Documents\Elecomp Indonesia\GESID\gesid_portal (2)\gesid.id\system\rewrite.php(44): require_once('C:\\Users\\USER\\D...')
#12 {main}
CRITICAL - 2025-10-06 06:35:16 --> CodeIgniter\Database\Exceptions\DatabaseException: Unknown column 'id_desa_kelurahan' in 'where clause'
[Method: GET, Route: member/downloadCard]
in SYSTEMPATH\Database\BaseConnection.php on line 692.
 1 SYSTEMPATH\Database\BaseBuilder.php(1649): CodeIgniter\Database\BaseConnection->query('SELECT `nama_desa`
FROM `tb_desa_kelurahan`
WHERE `id_desa_kelurahan` = :id_desa_kelurahan:', [...], false)
 2 APPPATH\Controllers\MemberController.php(262): CodeIgniter\Database\BaseBuilder->get()
 3 SYSTEMPATH\CodeIgniter.php(933): App\Controllers\MemberController->downloadCard()
 4 SYSTEMPATH\CodeIgniter.php(507): CodeIgniter\CodeIgniter->runController(Object(App\Controllers\MemberController))
 5 SYSTEMPATH\CodeIgniter.php(354): CodeIgniter\CodeIgniter->handleRequest(null, Object(Config\Cache), false)
 6 SYSTEMPATH\Boot.php(334): CodeIgniter\CodeIgniter->run()
 7 SYSTEMPATH\Boot.php(67): CodeIgniter\Boot::runCodeIgniter(Object(CodeIgniter\CodeIgniter))
 8 FCPATH\index.php(59): CodeIgniter\Boot::bootWeb(Object(Config\Paths))
 9 SYSTEMPATH\rewrite.php(44): require_once('C:\\Users\\USER\\Documents\\Elecomp Indonesia\\GESID\\gesid_portal (2)\\gesid.id\\public\\index.php')
CRITICAL - 2025-10-06 06:35:16 --> [Caused by] CodeIgniter\Database\Exceptions\DatabaseException: Unknown column 'id_desa_kelurahan' in 'where clause'
in SYSTEMPATH\Database\MySQLi\Connection.php on line 332.
 1 SYSTEMPATH\Database\BaseConnection.php(738): CodeIgniter\Database\MySQLi\Connection->execute('SELECT `nama_desa`
FROM `tb_desa_kelurahan`
WHERE `id_desa_kelurahan` = \'1105072015\'')
 2 SYSTEMPATH\Database\BaseConnection.php(652): CodeIgniter\Database\BaseConnection->simpleQuery('SELECT `nama_desa`
FROM `tb_desa_kelurahan`
WHERE `id_desa_kelurahan` = \'1105072015\'')
 3 SYSTEMPATH\Database\BaseBuilder.php(1649): CodeIgniter\Database\BaseConnection->query('SELECT `nama_desa`
FROM `tb_desa_kelurahan`
WHERE `id_desa_kelurahan` = :id_desa_kelurahan:', [...], false)
 4 APPPATH\Controllers\MemberController.php(262): CodeIgniter\Database\BaseBuilder->get()
 5 SYSTEMPATH\CodeIgniter.php(933): App\Controllers\MemberController->downloadCard()
 6 SYSTEMPATH\CodeIgniter.php(507): CodeIgniter\CodeIgniter->runController(Object(App\Controllers\MemberController))
 7 SYSTEMPATH\CodeIgniter.php(354): CodeIgniter\CodeIgniter->handleRequest(null, Object(Config\Cache), false)
 8 SYSTEMPATH\Boot.php(334): CodeIgniter\CodeIgniter->run()
 9 SYSTEMPATH\Boot.php(67): CodeIgniter\Boot::runCodeIgniter(Object(CodeIgniter\CodeIgniter))
10 FCPATH\index.php(59): CodeIgniter\Boot::bootWeb(Object(Config\Paths))
11 SYSTEMPATH\rewrite.php(44): require_once('C:\\Users\\USER\\Documents\\Elecomp Indonesia\\GESID\\gesid_portal (2)\\gesid.id\\public\\index.php')
CRITICAL - 2025-10-06 06:35:16 --> [Caused by] mysqli_sql_exception: Unknown column 'id_desa_kelurahan' in 'where clause'
in SYSTEMPATH\Database\MySQLi\Connection.php on line 327.
 1 SYSTEMPATH\Database\MySQLi\Connection.php(327): mysqli->query('SELECT `nama_desa`
FROM `tb_desa_kelurahan`
WHERE `id_desa_kelurahan` = \'1105072015\'', 0)
 2 SYSTEMPATH\Database\BaseConnection.php(738): CodeIgniter\Database\MySQLi\Connection->execute('SELECT `nama_desa`
FROM `tb_desa_kelurahan`
WHERE `id_desa_kelurahan` = \'1105072015\'')
 3 SYSTEMPATH\Database\BaseConnection.php(652): CodeIgniter\Database\BaseConnection->simpleQuery('SELECT `nama_desa`
FROM `tb_desa_kelurahan`
WHERE `id_desa_kelurahan` = \'1105072015\'')
 4 SYSTEMPATH\Database\BaseBuilder.php(1649): CodeIgniter\Database\BaseConnection->query('SELECT `nama_desa`
FROM `tb_desa_kelurahan`
WHERE `id_desa_kelurahan` = :id_desa_kelurahan:', [...], false)
 5 APPPATH\Controllers\MemberController.php(262): CodeIgniter\Database\BaseBuilder->get()
 6 SYSTEMPATH\CodeIgniter.php(933): App\Controllers\MemberController->downloadCard()
 7 SYSTEMPATH\CodeIgniter.php(507): CodeIgniter\CodeIgniter->runController(Object(App\Controllers\MemberController))
 8 SYSTEMPATH\CodeIgniter.php(354): CodeIgniter\CodeIgniter->handleRequest(null, Object(Config\Cache), false)
 9 SYSTEMPATH\Boot.php(334): CodeIgniter\CodeIgniter->run()
10 SYSTEMPATH\Boot.php(67): CodeIgniter\Boot::runCodeIgniter(Object(CodeIgniter\CodeIgniter))
11 FCPATH\index.php(59): CodeIgniter\Boot::bootWeb(Object(Config\Paths))
12 SYSTEMPATH\rewrite.php(44): require_once('C:\\Users\\USER\\Documents\\Elecomp Indonesia\\GESID\\gesid_portal (2)\\gesid.id\\public\\index.php')
DEBUG - 2025-10-06 06:35:30 --> Session: Class initialized using 'CodeIgniter\Session\Handlers\FileHandler' driver.
CRITICAL - 2025-10-06 06:35:30 --> ErrorException: imagettftext(): Invalid font filename
[Method: GET, Route: member/downloadCard]
in APPPATH\Controllers\MemberController.php on line 287.
 1 [internal function]: CodeIgniter\Debug\Exceptions->errorHandler(2, 'imagettftext(): Invalid font filename', 'C:\\Users\\USER\\Documents\\Elecomp Indonesia\\GESID\\gesid_portal (2)\\gesid.id\\app\\Controllers\\MemberController.php', 287)
 2 APPPATH\Controllers\MemberController.php(287): imagettftext(Object(GdImage), 12, 0, 40, 135, 16777215, 'C:\\Users\\USER\\Documents\\Elecomp Indonesia\\GESID\\gesid_portal (2)\\gesid.id\\public\\assets/fonts/Poppins-SemiBold.ttf', 'ID: 110520150001')
 3 SYSTEMPATH\CodeIgniter.php(933): App\Controllers\MemberController->downloadCard()
 4 SYSTEMPATH\CodeIgniter.php(507): CodeIgniter\CodeIgniter->runController(Object(App\Controllers\MemberController))
 5 SYSTEMPATH\CodeIgniter.php(354): CodeIgniter\CodeIgniter->handleRequest(null, Object(Config\Cache), false)
 6 SYSTEMPATH\Boot.php(334): CodeIgniter\CodeIgniter->run()
 7 SYSTEMPATH\Boot.php(67): CodeIgniter\Boot::runCodeIgniter(Object(CodeIgniter\CodeIgniter))
 8 FCPATH\index.php(59): CodeIgniter\Boot::bootWeb(Object(Config\Paths))
 9 SYSTEMPATH\rewrite.php(44): require_once('C:\\Users\\USER\\Documents\\Elecomp Indonesia\\GESID\\gesid_portal (2)\\gesid.id\\public\\index.php')
DEBUG - 2025-10-06 06:35:47 --> Session: Class initialized using 'CodeIgniter\Session\Handlers\FileHandler' driver.
DEBUG - 2025-10-06 06:35:51 --> Session: Class initialized using 'CodeIgniter\Session\Handlers\FileHandler' driver.
DEBUG - 2025-10-06 06:35:52 --> Session: Class initialized using 'CodeIgniter\Session\Handlers\FileHandler' driver.
DEBUG - 2025-10-06 06:35:53 --> Session: Class initialized using 'CodeIgniter\Session\Handlers\FileHandler' driver.
DEBUG - 2025-10-06 06:40:05 --> Session: Class initialized using 'CodeIgniter\Session\Handlers\FileHandler' driver.
DEBUG - 2025-10-06 06:40:05 --> Session: Class initialized using 'CodeIgniter\Session\Handlers\FileHandler' driver.
DEBUG - 2025-10-06 06:43:41 --> Session: Class initialized using 'CodeIgniter\Session\Handlers\FileHandler' driver.
DEBUG - 2025-10-06 06:43:41 --> Session: Class initialized using 'CodeIgniter\Session\Handlers\FileHandler' driver.
DEBUG - 2025-10-06 06:43:54 --> Session: Class initialized using 'CodeIgniter\Session\Handlers\FileHandler' driver.
DEBUG - 2025-10-06 06:44:31 --> Session: Class initialized using 'CodeIgniter\Session\Handlers\FileHandler' driver.
DEBUG - 2025-10-06 06:44:31 --> Session: Class initialized using 'CodeIgniter\Session\Handlers\FileHandler' driver.
DEBUG - 2025-10-06 06:45:36 --> Session: Class initialized using 'CodeIgniter\Session\Handlers\FileHandler' driver.
DEBUG - 2025-10-06 06:45:36 --> Session: Class initialized using 'CodeIgniter\Session\Handlers\FileHandler' driver.
DEBUG - 2025-10-06 06:46:02 --> Session: Class initialized using 'CodeIgniter\Session\Handlers\FileHandler' driver.
DEBUG - 2025-10-06 06:46:44 --> Session: Class initialized using 'CodeIgniter\Session\Handlers\FileHandler' driver.
DEBUG - 2025-10-06 06:46:45 --> Session: Class initialized using 'CodeIgniter\Session\Handlers\FileHandler' driver.
DEBUG - 2025-10-06 06:47:31 --> Session: Class initialized using 'CodeIgniter\Session\Handlers\FileHandler' driver.
DEBUG - 2025-10-06 06:47:50 --> Session: Class initialized using 'CodeIgniter\Session\Handlers\FileHandler' driver.
DEBUG - 2025-10-06 06:47:50 --> Session: Class initialized using 'CodeIgniter\Session\Handlers\FileHandler' driver.
DEBUG - 2025-10-06 06:48:19 --> Session: Class initialized using 'CodeIgniter\Session\Handlers\FileHandler' driver.
DEBUG - 2025-10-06 06:48:45 --> Session: Class initialized using 'CodeIgniter\Session\Handlers\FileHandler' driver.
DEBUG - 2025-10-06 06:48:46 --> Session: Class initialized using 'CodeIgniter\Session\Handlers\FileHandler' driver.
DEBUG - 2025-10-06 06:49:06 --> Session: Class initialized using 'CodeIgniter\Session\Handlers\FileHandler' driver.
DEBUG - 2025-10-06 06:49:06 --> Session: Class initialized using 'CodeIgniter\Session\Handlers\FileHandler' driver.
DEBUG - 2025-10-06 06:49:24 --> Session: Class initialized using 'CodeIgniter\Session\Handlers\FileHandler' driver.
DEBUG - 2025-10-06 06:49:25 --> Session: Class initialized using 'CodeIgniter\Session\Handlers\FileHandler' driver.
DEBUG - 2025-10-06 06:50:11 --> Session: Class initialized using 'CodeIgniter\Session\Handlers\FileHandler' driver.
DEBUG - 2025-10-06 06:50:12 --> Session: Class initialized using 'CodeIgniter\Session\Handlers\FileHandler' driver.
DEBUG - 2025-10-06 06:50:36 --> Session: Class initialized using 'CodeIgniter\Session\Handlers\FileHandler' driver.
DEBUG - 2025-10-06 06:50:37 --> Session: Class initialized using 'CodeIgniter\Session\Handlers\FileHandler' driver.
DEBUG - 2025-10-06 06:51:06 --> Session: Class initialized using 'CodeIgniter\Session\Handlers\FileHandler' driver.
DEBUG - 2025-10-06 06:51:28 --> Session: Class initialized using 'CodeIgniter\Session\Handlers\FileHandler' driver.
DEBUG - 2025-10-06 06:51:28 --> Session: Class initialized using 'CodeIgniter\Session\Handlers\FileHandler' driver.
DEBUG - 2025-10-06 06:52:25 --> Session: Class initialized using 'CodeIgniter\Session\Handlers\FileHandler' driver.
DEBUG - 2025-10-06 06:52:55 --> Session: Class initialized using 'CodeIgniter\Session\Handlers\FileHandler' driver.
DEBUG - 2025-10-06 06:52:55 --> Session: Class initialized using 'CodeIgniter\Session\Handlers\FileHandler' driver.
DEBUG - 2025-10-06 06:53:16 --> Session: Class initialized using 'CodeIgniter\Session\Handlers\FileHandler' driver.
DEBUG - 2025-10-06 06:53:16 --> Session: Class initialized using 'CodeIgniter\Session\Handlers\FileHandler' driver.
DEBUG - 2025-10-06 06:53:38 --> Session: Class initialized using 'CodeIgniter\Session\Handlers\FileHandler' driver.
DEBUG - 2025-10-06 06:53:38 --> Session: Class initialized using 'CodeIgniter\Session\Handlers\FileHandler' driver.
DEBUG - 2025-10-06 06:53:58 --> Session: Class initialized using 'CodeIgniter\Session\Handlers\FileHandler' driver.
DEBUG - 2025-10-06 06:53:58 --> Session: Class initialized using 'CodeIgniter\Session\Handlers\FileHandler' driver.
DEBUG - 2025-10-06 06:55:27 --> Session: Class initialized using 'CodeIgniter\Session\Handlers\FileHandler' driver.
DEBUG - 2025-10-06 06:55:28 --> Session: Class initialized using 'CodeIgniter\Session\Handlers\FileHandler' driver.
DEBUG - 2025-10-06 06:55:59 --> Session: Class initialized using 'CodeIgniter\Session\Handlers\FileHandler' driver.
DEBUG - 2025-10-06 06:55:59 --> Session: Class initialized using 'CodeIgniter\Session\Handlers\FileHandler' driver.
DEBUG - 2025-10-06 06:56:46 --> Session: Class initialized using 'CodeIgniter\Session\Handlers\FileHandler' driver.
DEBUG - 2025-10-06 06:56:49 --> Session: Class initialized using 'CodeIgniter\Session\Handlers\FileHandler' driver.
DEBUG - 2025-10-06 06:57:09 --> Session: Class initialized using 'CodeIgniter\Session\Handlers\FileHandler' driver.
DEBUG - 2025-10-06 06:57:25 --> Session: Class initialized using 'CodeIgniter\Session\Handlers\FileHandler' driver.
DEBUG - 2025-10-06 06:57:25 --> Session: Class initialized using 'CodeIgniter\Session\Handlers\FileHandler' driver.
DEBUG - 2025-10-06 06:57:50 --> Session: Class initialized using 'CodeIgniter\Session\Handlers\FileHandler' driver.
DEBUG - 2025-10-06 06:57:51 --> Session: Class initialized using 'CodeIgniter\Session\Handlers\FileHandler' driver.
DEBUG - 2025-10-06 06:58:13 --> Session: Class initialized using 'CodeIgniter\Session\Handlers\FileHandler' driver.
DEBUG - 2025-10-06 06:58:14 --> Session: Class initialized using 'CodeIgniter\Session\Handlers\FileHandler' driver.
DEBUG - 2025-10-06 07:04:57 --> Session: Class initialized using 'CodeIgniter\Session\Handlers\FileHandler' driver.
DEBUG - 2025-10-06 07:04:57 --> Session: Class initialized using 'CodeIgniter\Session\Handlers\FileHandler' driver.
DEBUG - 2025-10-06 07:05:43 --> Session: Class initialized using 'CodeIgniter\Session\Handlers\FileHandler' driver.
DEBUG - 2025-10-06 07:05:44 --> Session: Class initialized using 'CodeIgniter\Session\Handlers\FileHandler' driver.
DEBUG - 2025-10-06 07:11:46 --> Session: Class initialized using 'CodeIgniter\Session\Handlers\FileHandler' driver.
DEBUG - 2025-10-06 07:13:49 --> Session: Class initialized using 'CodeIgniter\Session\Handlers\FileHandler' driver.
DEBUG - 2025-10-06 07:13:51 --> Session: Class initialized using 'CodeIgniter\Session\Handlers\FileHandler' driver.
DEBUG - 2025-10-06 07:13:52 --> Session: Class initialized using 'CodeIgniter\Session\Handlers\FileHandler' driver.
DEBUG - 2025-10-06 07:15:10 --> Session: Class initialized using 'CodeIgniter\Session\Handlers\FileHandler' driver.
DEBUG - 2025-10-06 07:16:54 --> Session: Class initialized using 'CodeIgniter\Session\Handlers\FileHandler' driver.
DEBUG - 2025-10-06 07:16:56 --> Session: Class initialized using 'CodeIgniter\Session\Handlers\FileHandler' driver.
DEBUG - 2025-10-06 07:22:10 --> Session: Class initialized using 'CodeIgniter\Session\Handlers\FileHandler' driver.
DEBUG - 2025-10-06 07:22:13 --> Session: Class initialized using 'CodeIgniter\Session\Handlers\FileHandler' driver.
DEBUG - 2025-10-06 07:22:14 --> Session: Class initialized using 'CodeIgniter\Session\Handlers\FileHandler' driver.
DEBUG - 2025-10-06 07:22:24 --> Session: Class initialized using 'CodeIgniter\Session\Handlers\FileHandler' driver.
DEBUG - 2025-10-06 07:25:16 --> Session: Class initialized using 'CodeIgniter\Session\Handlers\FileHandler' driver.
DEBUG - 2025-10-06 07:25:17 --> Session: Class initialized using 'CodeIgniter\Session\Handlers\FileHandler' driver.
DEBUG - 2025-10-06 07:25:33 --> Session: Class initialized using 'CodeIgniter\Session\Handlers\FileHandler' driver.
DEBUG - 2025-10-06 07:25:34 --> Session: Class initialized using 'CodeIgniter\Session\Handlers\FileHandler' driver.
DEBUG - 2025-10-06 07:25:41 --> Session: Class initialized using 'CodeIgniter\Session\Handlers\FileHandler' driver.
DEBUG - 2025-10-06 07:25:54 --> Session: Class initialized using 'CodeIgniter\Session\Handlers\FileHandler' driver.
DEBUG - 2025-10-06 07:25:56 --> Session: Class initialized using 'CodeIgniter\Session\Handlers\FileHandler' driver.
DEBUG - 2025-10-06 07:26:03 --> Session: Class initialized using 'CodeIgniter\Session\Handlers\FileHandler' driver.
DEBUG - 2025-10-06 07:26:07 --> Session: Class initialized using 'CodeIgniter\Session\Handlers\FileHandler' driver.
DEBUG - 2025-10-06 07:26:10 --> Session: Class initialized using 'CodeIgniter\Session\Handlers\FileHandler' driver.
DEBUG - 2025-10-06 07:26:29 --> Session: Class initialized using 'CodeIgniter\Session\Handlers\FileHandler' driver.
DEBUG - 2025-10-06 07:26:32 --> Session: Class initialized using 'CodeIgniter\Session\Handlers\FileHandler' driver.
DEBUG - 2025-10-06 07:26:42 --> Session: Class initialized using 'CodeIgniter\Session\Handlers\FileHandler' driver.
DEBUG - 2025-10-06 07:27:53 --> Session: Class initialized using 'CodeIgniter\Session\Handlers\FileHandler' driver.
DEBUG - 2025-10-06 07:28:13 --> Session: Class initialized using 'CodeIgniter\Session\Handlers\FileHandler' driver.
DEBUG - 2025-10-06 07:28:19 --> Session: Class initialized using 'CodeIgniter\Session\Handlers\FileHandler' driver.
DEBUG - 2025-10-06 07:28:30 --> Session: Class initialized using 'CodeIgniter\Session\Handlers\FileHandler' driver.
DEBUG - 2025-10-06 07:28:40 --> Session: Class initialized using 'CodeIgniter\Session\Handlers\FileHandler' driver.
DEBUG - 2025-10-06 07:29:30 --> Session: Class initialized using 'CodeIgniter\Session\Handlers\FileHandler' driver.
DEBUG - 2025-10-06 07:29:31 --> Session: Class initialized using 'CodeIgniter\Session\Handlers\FileHandler' driver.
DEBUG - 2025-10-06 07:31:26 --> Session: Class initialized using 'CodeIgniter\Session\Handlers\FileHandler' driver.
DEBUG - 2025-10-06 07:33:49 --> Session: Class initialized using 'CodeIgniter\Session\Handlers\FileHandler' driver.
DEBUG - 2025-10-06 07:33:49 --> Session: Class initialized using 'CodeIgniter\Session\Handlers\FileHandler' driver.
DEBUG - 2025-10-06 07:33:59 --> Session: Class initialized using 'CodeIgniter\Session\Handlers\FileHandler' driver.
DEBUG - 2025-10-06 07:34:00 --> Session: Class initialized using 'CodeIgniter\Session\Handlers\FileHandler' driver.
DEBUG - 2025-10-06 07:34:12 --> Session: Class initialized using 'CodeIgniter\Session\Handlers\FileHandler' driver.
DEBUG - 2025-10-06 07:34:12 --> Session: Class initialized using 'CodeIgniter\Session\Handlers\FileHandler' driver.
DEBUG - 2025-10-06 07:34:20 --> Session: Class initialized using 'CodeIgniter\Session\Handlers\FileHandler' driver.
DEBUG - 2025-10-06 07:35:27 --> Session: Class initialized using 'CodeIgniter\Session\Handlers\FileHandler' driver.
DEBUG - 2025-10-06 07:35:34 --> Session: Class initialized using 'CodeIgniter\Session\Handlers\FileHandler' driver.
DEBUG - 2025-10-06 07:36:02 --> Session: Class initialized using 'CodeIgniter\Session\Handlers\FileHandler' driver.
DEBUG - 2025-10-06 07:37:40 --> Session: Class initialized using 'CodeIgniter\Session\Handlers\FileHandler' driver.
DEBUG - 2025-10-06 07:37:47 --> Session: Class initialized using 'CodeIgniter\Session\Handlers\FileHandler' driver.
DEBUG - 2025-10-06 08:57:01 --> Session: Class initialized using 'CodeIgniter\Session\Handlers\FileHandler' driver.
DEBUG - 2025-10-06 08:57:02 --> Session: Class initialized using 'CodeIgniter\Session\Handlers\FileHandler' driver.
DEBUG - 2025-10-06 08:57:14 --> Session: Class initialized using 'CodeIgniter\Session\Handlers\FileHandler' driver.
DEBUG - 2025-10-06 08:57:14 --> Session: Class initialized using 'CodeIgniter\Session\Handlers\FileHandler' driver.
DEBUG - 2025-10-06 08:57:19 --> Session: Class initialized using 'CodeIgniter\Session\Handlers\FileHandler' driver.
DEBUG - 2025-10-06 08:57:22 --> Session: Class initialized using 'CodeIgniter\Session\Handlers\FileHandler' driver.
DEBUG - 2025-10-06 08:57:26 --> Session: Class initialized using 'CodeIgniter\Session\Handlers\FileHandler' driver.
DEBUG - 2025-10-06 08:57:31 --> Session: Class initialized using 'CodeIgniter\Session\Handlers\FileHandler' driver.
DEBUG - 2025-10-06 08:57:33 --> Session: Class initialized using 'CodeIgniter\Session\Handlers\FileHandler' driver.
DEBUG - 2025-10-06 08:59:35 --> Session: Class initialized using 'CodeIgniter\Session\Handlers\FileHandler' driver.
DEBUG - 2025-10-06 08:59:38 --> Session: Class initialized using 'CodeIgniter\Session\Handlers\FileHandler' driver.
DEBUG - 2025-10-06 09:00:02 --> Session: Class initialized using 'CodeIgniter\Session\Handlers\FileHandler' driver.
DEBUG - 2025-10-06 09:00:17 --> Session: Class initialized using 'CodeIgniter\Session\Handlers\FileHandler' driver.
DEBUG - 2025-10-06 09:00:19 --> Session: Class initialized using 'CodeIgniter\Session\Handlers\FileHandler' driver.
